-- phpMyAdmin SQL Dump
-- version 4.2.10
-- http://www.phpmyadmin.net
--
-- Host: localhost
-- Generation Time: Apr 10, 2015 at 05:23 PM
-- Server version: 5.5.38
-- PHP Version: 5.6.2

SET SQL_MODE = "NO_AUTO_VALUE_ON_ZERO";
SET time_zone = "+00:00";


/*!40101 SET @OLD_CHARACTER_SET_CLIENT=@@CHARACTER_SET_CLIENT */;
/*!40101 SET @OLD_CHARACTER_SET_RESULTS=@@CHARACTER_SET_RESULTS */;
/*!40101 SET @OLD_COLLATION_CONNECTION=@@COLLATION_CONNECTION */;
/*!40101 SET NAMES utf8 */;

--
-- Database: `test`
--
DROP DATABASE `test`;
CREATE DATABASE IF NOT EXISTS `test` DEFAULT CHARACTER SET latin1 COLLATE latin1_swedish_ci;
USE `test`;

-- --------------------------------------------------------

--
-- Table structure for table `BCustomer`
--

DROP TABLE IF EXISTS `BCustomer`;
CREATE TABLE IF NOT EXISTS `BCustomer` (
`id` int(11) NOT NULL,
  `customer_id` int(11) NOT NULL,
  `business_category` varchar(16) NOT NULL,
  `company_income` decimal(10,2) NOT NULL
) ENGINE=InnoDB AUTO_INCREMENT=515 DEFAULT CHARSET=latin1;

--
-- Dumping data for table `BCustomer`
--

INSERT INTO `BCustomer` (`id`, `customer_id`, `business_category`, `company_income`) VALUES
(1, 9, 'Pharmaceutical', 423950.44),
(2, 12, 'Manufacturing', 370504.86),
(3, 13, 'Medicare', 934652.33),
(4, 14, 'Pharmaceutical', 434917.82),
(5, 15, 'Medicare', 224494.81),
(6, 16, 'Food', 294778.99),
(7, 19, 'Food', 751630.71),
(8, 22, 'Food', 751393.12),
(9, 23, 'Medicare', 243775.66),
(10, 24, 'IT', 413222.62),
(11, 27, 'Food', 275196.81),
(12, 28, 'Medicare', 979433.80),
(13, 29, 'Medicare', 828504.19),
(14, 30, 'Medicare', 510089.50),
(15, 37, 'Medicare', 364916.30),
(16, 40, 'Medicare', 860845.66),
(17, 41, 'Medicare', 672631.65),
(18, 45, 'Medicare', 873814.40),
(19, 46, 'Pharmaceutical', 450180.79),
(20, 47, 'Pharmaceutical', 497385.03),
(21, 48, 'Food', 215350.96),
(22, 50, 'Medicare', 660848.83),
(23, 51, 'Medicare', 992739.70),
(24, 52, 'Food', 772831.55),
(25, 53, 'Food', 258953.67),
(26, 55, 'Food', 637296.15),
(27, 56, 'Medicare', 288790.81),
(28, 58, 'Medicare', 532979.34),
(29, 59, 'Pharmaceutical', 713144.35),
(30, 61, 'Food', 885133.93),
(31, 62, 'IT', 112927.91),
(32, 64, 'Medicare', 904240.46),
(33, 65, 'Medicare', 880696.00),
(34, 68, 'Medicare', 658310.92),
(35, 71, 'Medicare', 909541.98),
(36, 72, 'Medicare', 459396.65),
(37, 74, 'Medicare', 557965.59),
(38, 79, 'Medicare', 280528.85),
(39, 80, 'Medicare', 452512.55),
(40, 82, 'Medicare', 712377.70),
(41, 84, 'Medicare', 514581.79),
(42, 85, 'Food', 163405.17),
(43, 87, 'Medicare', 595884.03),
(44, 89, 'Food', 612546.64),
(45, 91, 'Medicare', 788191.13),
(46, 92, 'IT', 713984.64),
(47, 95, 'Medicare', 301801.95),
(48, 97, 'Medicare', 260728.77),
(49, 98, 'Medicare', 855858.48),
(50, 99, 'Food', 755781.98),
(51, 103, 'Medicare', 424243.78),
(52, 104, 'Pharmaceutical', 629818.98),
(53, 105, 'Pharmaceutical', 943474.00),
(54, 106, 'Medicare', 148262.33),
(55, 107, 'Medicare', 658830.53),
(56, 108, 'Medicare', 280182.60),
(57, 112, 'IT', 859704.86),
(58, 113, 'Medicare', 483764.95),
(59, 114, 'Medicare', 466261.15),
(60, 115, 'Medicare', 284038.57),
(61, 118, 'Pharmaceutical', 432546.39),
(62, 119, 'Food', 645969.00),
(63, 121, 'Pharmaceutical', 526460.49),
(64, 122, 'Medicare', 598133.11),
(65, 128, 'Food', 762565.72),
(66, 129, 'Manufacturing', 827076.30),
(67, 132, 'Pharmaceutical', 972083.98),
(68, 133, 'Medicare', 430589.13),
(69, 134, 'Food', 716722.03),
(70, 136, 'Pharmaceutical', 790923.43),
(71, 137, 'Medicare', 179001.76),
(72, 139, 'Food', 230684.95),
(73, 141, 'Medicare', 332927.16),
(74, 142, 'Medicare', 252626.66),
(75, 145, 'Food', 157561.51),
(76, 146, 'Food', 705832.00),
(77, 151, 'Food', 612159.41),
(78, 153, 'Pharmaceutical', 718263.92),
(79, 156, 'Food', 902324.70),
(80, 157, 'Medicare', 542125.47),
(81, 159, 'Medicare', 496836.21),
(82, 160, 'IT', 805122.13),
(83, 162, 'Medicare', 774803.85),
(84, 163, 'Medicare', 163582.27),
(85, 164, 'IT', 818450.00),
(86, 168, 'Food', 341595.34),
(87, 170, 'Food', 415543.30),
(88, 172, 'Medicare', 400000.00),
(89, 173, 'Medicare', 933132.00),
(90, 174, 'Medicare', 951033.23),
(91, 175, 'Food', 183584.23),
(92, 177, 'Medicare', 933487.35),
(93, 182, 'Medicare', 486129.62),
(94, 185, 'Pharmaceutical', 322086.65),
(95, 187, 'Medicare', 449298.63),
(96, 188, 'Medicare', 726085.09),
(97, 190, 'Food', 709062.47),
(98, 191, 'Medicare', 790632.96),
(99, 196, 'Food', 571026.11),
(100, 199, 'Medicare', 888808.93),
(101, 201, 'Medicare', 155040.57),
(102, 203, 'Medicare', 423578.01),
(103, 204, 'Medicare', 273725.15),
(104, 209, 'Medicare', 430134.47),
(105, 212, 'IT', 312308.78),
(106, 213, 'Manufacturing', 256392.18),
(107, 214, 'Food', 869842.04),
(108, 217, 'Medicare', 793022.68),
(109, 219, 'Medicare', 459752.82),
(110, 220, 'Pharmaceutical', 285265.33),
(111, 221, 'Food', 473765.36),
(112, 223, 'IT', 469460.90),
(113, 226, 'Manufacturing', 446755.36),
(114, 227, 'Manufacturing', 246149.48),
(115, 228, 'Medicare', 263225.96),
(116, 229, 'Medicare', 953805.51),
(117, 231, 'Pharmaceutical', 821921.26),
(118, 233, 'Pharmaceutical', 666327.40),
(119, 235, 'Food', 910069.67),
(120, 237, 'Pharmaceutical', 580562.57),
(121, 238, 'IT', 784366.61),
(122, 241, 'Medicare', 822758.50),
(123, 242, 'Pharmaceutical', 807098.72),
(124, 243, 'Medicare', 113854.99),
(125, 244, 'Food', 587800.77),
(126, 246, 'Food', 988117.51),
(127, 248, 'Pharmaceutical', 253377.71),
(128, 250, 'Medicare', 630262.77),
(129, 251, 'Medicare', 710739.17),
(130, 253, 'Medicare', 618414.32),
(131, 255, 'Medicare', 465861.42),
(132, 257, 'IT', 302631.79),
(133, 258, 'Medicare', 645635.88),
(134, 259, 'Food', 138572.11),
(135, 260, 'Medicare', 162379.49),
(136, 262, 'Food', 144289.71),
(137, 263, 'Manufacturing', 555715.42),
(138, 264, 'Medicare', 600331.00),
(139, 266, 'Medicare', 708305.14),
(140, 267, 'Medicare', 236777.27),
(141, 269, 'Food', 868608.35),
(142, 270, 'Medicare', 333744.84),
(143, 273, 'Medicare', 670195.85),
(144, 277, 'IT', 956999.60),
(145, 278, 'Food', 564958.19),
(146, 279, 'Food', 702460.01),
(147, 280, 'IT', 820553.03),
(148, 283, 'Food', 346262.13),
(149, 285, 'Medicare', 759297.63),
(150, 286, 'Medicare', 717437.46),
(151, 287, 'Medicare', 225758.32),
(152, 289, 'Food', 990183.84),
(153, 295, 'Food', 773102.68),
(154, 298, 'Medicare', 524197.60),
(155, 299, 'Food', 792072.58),
(156, 301, 'Medicare', 472155.29),
(157, 302, 'Medicare', 117180.11),
(158, 304, 'Pharmaceutical', 341821.79),
(159, 305, 'Medicare', 190379.00),
(160, 306, 'Pharmaceutical', 237664.17),
(161, 309, 'Pharmaceutical', 806685.08),
(162, 310, 'Medicare', 782898.11),
(163, 311, 'Pharmaceutical', 666516.00),
(164, 313, 'Medicare', 739831.76),
(165, 314, 'Medicare', 679828.49),
(166, 315, 'IT', 864264.43),
(167, 316, 'IT', 858812.55),
(168, 317, 'Medicare', 804509.32),
(169, 322, 'Medicare', 174322.84),
(170, 323, 'Food', 862368.13),
(171, 324, 'Pharmaceutical', 527305.47),
(172, 325, 'Medicare', 543895.00),
(173, 326, 'Manufacturing', 553721.25),
(174, 327, 'Medicare', 828696.00),
(175, 328, 'Medicare', 817305.19),
(176, 329, 'Pharmaceutical', 665615.71),
(177, 334, 'IT', 576432.77),
(178, 339, 'Medicare', 727740.02),
(179, 341, 'Pharmaceutical', 239941.92),
(180, 343, 'Medicare', 735229.02),
(181, 346, 'Food', 636876.00),
(182, 347, 'Manufacturing', 484237.25),
(183, 348, 'Food', 429314.51),
(184, 349, 'Medicare', 802557.00),
(185, 350, 'Manufacturing', 486550.86),
(186, 352, 'IT', 644023.84),
(187, 353, 'Medicare', 250252.11),
(188, 354, 'Medicare', 249692.98),
(189, 358, 'Pharmaceutical', 332504.85),
(190, 359, 'Food', 606295.95),
(191, 366, 'Medicare', 548115.00),
(192, 368, 'Medicare', 966201.84),
(193, 370, 'IT', 248739.72),
(194, 373, 'Medicare', 475753.58),
(195, 374, 'Food', 291247.36),
(196, 375, 'Medicare', 915961.72),
(197, 378, 'Medicare', 285871.18),
(198, 381, 'Medicare', 973026.00),
(199, 382, 'Medicare', 165071.17),
(200, 383, 'Medicare', 561620.47),
(201, 384, 'Food', 740339.53),
(202, 385, 'Medicare', 532260.81),
(203, 386, 'Medicare', 877704.53),
(204, 387, 'Medicare', 364289.03),
(205, 388, 'Food', 835833.54),
(206, 389, 'Manufacturing', 593734.78),
(207, 391, 'Food', 733308.95),
(208, 392, 'Medicare', 512735.52),
(209, 394, 'Pharmaceutical', 385999.11),
(210, 397, 'Medicare', 748977.02),
(211, 398, 'Medicare', 844070.28),
(212, 400, 'Medicare', 873242.34),
(213, 403, 'Medicare', 592052.41),
(214, 406, 'Pharmaceutical', 459489.90),
(215, 407, 'Medicare', 706388.34),
(216, 409, 'Pharmaceutical', 731283.75),
(217, 412, 'Medicare', 982928.99),
(218, 413, 'Food', 734129.85),
(219, 417, 'Medicare', 368595.06),
(220, 419, 'Medicare', 469252.72),
(221, 422, 'Medicare', 312426.86),
(222, 423, 'Manufacturing', 808938.20),
(223, 424, 'Medicare', 645543.93),
(224, 429, 'Medicare', 464770.73),
(225, 431, 'Medicare', 814026.14),
(226, 433, 'Medicare', 284723.57),
(227, 435, 'Manufacturing', 222656.47),
(228, 440, 'Food', 877374.45),
(229, 441, 'Medicare', 210865.93),
(230, 443, 'Medicare', 148866.99),
(231, 444, 'Medicare', 843650.86),
(232, 446, 'Medicare', 500963.06),
(233, 447, 'Medicare', 256929.69),
(234, 448, 'Medicare', 443326.54),
(235, 449, 'Medicare', 709856.20),
(236, 450, 'Medicare', 860652.67),
(237, 455, 'Manufacturing', 113601.89),
(238, 456, 'Medicare', 466725.20),
(239, 457, 'Food', 924387.43),
(240, 458, 'Food', 897842.91),
(241, 459, 'Food', 262480.63),
(242, 460, 'Food', 541892.41),
(243, 461, 'Food', 766387.62),
(244, 467, 'Medicare', 926943.26),
(245, 469, 'Medicare', 427875.12),
(246, 471, 'Medicare', 379051.09),
(247, 473, 'Food', 665916.33),
(248, 476, 'Food', 715278.06),
(249, 488, 'Pharmaceutical', 883391.00),
(250, 494, 'Manufacturing', 595997.60),
(251, 495, 'Medicare', 674714.00),
(252, 497, 'IT', 889445.57),
(253, 499, 'Medicare', 993569.41),
(254, 501, 'Medicare', 149049.38),
(255, 502, 'Pharmaceutical', 539673.66),
(256, 503, 'Medicare', 687964.23),
(257, 504, 'Medicare', 884683.31),
(258, 505, 'Medicare', 918122.04),
(259, 506, 'Medicare', 289554.51),
(260, 509, 'Medicare', 171973.56),
(261, 511, 'Medicare', 886493.89),
(262, 512, 'Medicare', 927735.90),
(263, 513, 'Pharmaceutical', 420098.27),
(264, 514, 'Medicare', 283837.90),
(265, 516, 'Medicare', 736722.89),
(266, 517, 'Medicare', 242143.85),
(267, 518, 'Medicare', 897302.39),
(268, 521, 'Medicare', 861678.00),
(269, 524, 'Medicare', 947828.00),
(270, 525, 'Medicare', 610219.25),
(271, 526, 'Medicare', 427170.83),
(272, 528, 'Food', 835563.69),
(273, 531, 'Pharmaceutical', 513774.79),
(274, 533, 'Medicare', 533831.53),
(275, 534, 'Pharmaceutical', 480093.71),
(276, 536, 'Food', 780157.61),
(277, 537, 'IT', 621157.59),
(278, 538, 'Pharmaceutical', 228497.96),
(279, 540, 'Medicare', 461021.50),
(280, 541, 'Pharmaceutical', 688028.62),
(281, 542, 'Pharmaceutical', 290205.55),
(282, 545, 'Pharmaceutical', 781724.64),
(283, 547, 'Food', 678758.90),
(284, 549, 'Medicare', 798209.74),
(285, 550, 'Medicare', 927707.61),
(286, 551, 'Medicare', 425658.67),
(287, 554, 'Medicare', 680046.22),
(288, 555, 'Medicare', 188808.43),
(289, 557, 'Manufacturing', 563869.62),
(290, 558, 'IT', 386394.78),
(291, 559, 'Food', 650125.47),
(292, 560, 'Pharmaceutical', 964498.86),
(293, 562, 'Manufacturing', 720201.79),
(294, 564, 'Medicare', 530094.75),
(295, 565, 'Food', 797894.86),
(296, 566, 'Medicare', 395799.48),
(297, 573, 'Medicare', 147964.96),
(298, 574, 'Medicare', 366189.28),
(299, 575, 'Medicare', 972769.55),
(300, 578, 'Medicare', 912994.56),
(301, 579, 'Food', 448256.06),
(302, 580, 'Pharmaceutical', 806621.88),
(303, 582, 'Medicare', 589146.18),
(304, 584, 'Manufacturing', 840692.45),
(305, 589, 'Medicare', 310832.91),
(306, 592, 'Food', 532127.13),
(307, 593, 'Pharmaceutical', 522838.59),
(308, 596, 'Medicare', 454386.62),
(309, 597, 'Medicare', 527298.94),
(310, 598, 'Food', 139773.36),
(311, 601, 'Medicare', 143615.55),
(312, 608, 'Medicare', 963745.04),
(313, 609, 'Food', 177309.83),
(314, 613, 'Medicare', 155766.22),
(315, 615, 'Medicare', 918478.95),
(316, 616, 'Food', 323688.30),
(317, 618, 'Medicare', 541948.81),
(318, 619, 'Food', 402520.88),
(319, 623, 'Food', 804780.41),
(320, 627, 'Medicare', 183613.76),
(321, 630, 'Medicare', 950035.82),
(322, 632, 'Manufacturing', 520750.03),
(323, 633, 'Food', 807344.18),
(324, 637, 'Food', 352308.30),
(325, 640, 'Medicare', 784069.49),
(326, 641, 'Food', 557750.00),
(327, 642, 'Food', 605877.00),
(328, 643, 'Medicare', 497189.60),
(329, 645, 'Food', 499061.62),
(330, 646, 'Medicare', 870631.92),
(331, 648, 'Pharmaceutical', 999081.63),
(332, 651, 'Food', 377483.69),
(333, 652, 'Pharmaceutical', 499959.61),
(334, 654, 'Medicare', 701385.61),
(335, 656, 'Medicare', 617976.00),
(336, 657, 'Medicare', 663593.16),
(337, 659, 'Medicare', 958988.74),
(338, 660, 'Medicare', 925430.85),
(339, 661, 'Medicare', 676602.57),
(340, 662, 'Medicare', 314970.90),
(341, 663, 'Food', 692514.86),
(342, 664, 'Medicare', 412666.14),
(343, 665, 'Pharmaceutical', 368302.00),
(344, 666, 'Food', 730909.09),
(345, 671, 'Medicare', 937542.90),
(346, 672, 'Medicare', 406663.47),
(347, 673, 'Medicare', 432811.62),
(348, 677, 'Food', 659396.30),
(349, 678, 'Food', 925674.97),
(350, 679, 'Medicare', 427427.00),
(351, 680, 'IT', 873231.47),
(352, 681, 'Medicare', 385016.11),
(353, 683, 'Pharmaceutical', 682481.16),
(354, 684, 'Pharmaceutical', 818377.25),
(355, 685, 'Medicare', 364416.76),
(356, 689, 'Medicare', 200792.27),
(357, 690, 'Medicare', 372408.15),
(358, 691, 'Food', 599490.84),
(359, 696, 'Medicare', 482229.78),
(360, 697, 'IT', 249597.64),
(361, 698, 'Medicare', 687140.45),
(362, 699, 'Medicare', 451373.92),
(363, 702, 'Medicare', 590938.29),
(364, 705, 'Food', 789660.24),
(365, 706, 'Medicare', 104399.10),
(366, 709, 'Food', 428737.73),
(367, 710, 'Medicare', 646068.32),
(368, 713, 'Medicare', 847933.00),
(369, 716, 'Medicare', 338529.97),
(370, 718, 'Medicare', 639903.19),
(371, 720, 'Medicare', 449494.27),
(372, 722, 'Pharmaceutical', 845696.86),
(373, 723, 'Medicare', 230369.66),
(374, 727, 'Manufacturing', 711799.00),
(375, 730, 'IT', 783590.01),
(376, 731, 'Medicare', 406235.92),
(377, 732, 'Medicare', 407688.81),
(378, 736, 'Manufacturing', 502789.87),
(379, 737, 'Manufacturing', 368415.28),
(380, 738, 'Food', 730264.06),
(381, 740, 'Pharmaceutical', 840360.33),
(382, 741, 'Medicare', 340894.66),
(383, 742, 'Pharmaceutical', 181272.77),
(384, 743, 'Food', 235974.73),
(385, 745, 'Pharmaceutical', 463894.55),
(386, 747, 'Food', 134086.64),
(387, 748, 'Medicare', 384746.02),
(388, 749, 'Medicare', 470668.03),
(389, 750, 'Medicare', 545287.00),
(390, 751, 'Medicare', 411961.19),
(391, 752, 'Pharmaceutical', 944715.58),
(392, 755, 'Medicare', 195500.02),
(393, 761, 'Food', 165600.06),
(394, 762, 'Medicare', 220629.85),
(395, 763, 'Food', 829963.85),
(396, 764, 'Medicare', 772743.91),
(397, 766, 'Medicare', 612102.23),
(398, 767, 'Food', 608924.50),
(399, 769, 'Medicare', 486140.56),
(400, 770, 'Food', 496334.82),
(401, 771, 'Medicare', 481519.84),
(402, 772, 'Food', 730370.78),
(403, 773, 'Medicare', 264342.61),
(404, 776, 'Manufacturing', 489354.13),
(405, 777, 'Pharmaceutical', 808926.64),
(406, 778, 'Food', 526821.78),
(407, 780, 'Food', 717454.77),
(408, 783, 'Food', 499595.04),
(409, 784, 'Pharmaceutical', 329881.00),
(410, 785, 'Medicare', 248500.57),
(411, 787, 'Food', 639318.03),
(412, 788, 'Medicare', 979010.52),
(413, 791, 'Medicare', 510089.80),
(414, 794, 'Medicare', 989407.79),
(415, 795, 'Medicare', 565232.65),
(416, 797, 'Medicare', 187607.98),
(417, 799, 'Manufacturing', 809173.98),
(418, 800, 'Medicare', 879282.77),
(419, 802, 'IT', 736316.54),
(420, 803, 'Food', 844063.02),
(421, 807, 'Medicare', 614824.97),
(422, 812, 'Medicare', 635943.21),
(423, 816, 'Medicare', 611305.01),
(424, 817, 'Food', 938813.84),
(425, 819, 'Medicare', 838265.10),
(426, 822, 'Medicare', 900741.99),
(427, 823, 'Medicare', 756866.88),
(428, 825, 'Food', 863345.27),
(429, 826, 'Pharmaceutical', 135472.09),
(430, 827, 'Medicare', 871975.82),
(431, 828, 'Medicare', 192085.68),
(432, 829, 'Food', 195365.78),
(433, 830, 'Food', 377036.88),
(434, 831, 'Medicare', 838866.10),
(435, 834, 'Food', 110099.14),
(436, 836, 'Food', 647155.51),
(437, 838, 'Medicare', 825851.85),
(438, 839, 'Food', 124797.63),
(439, 842, 'Food', 577800.68),
(440, 843, 'Medicare', 922078.20),
(441, 845, 'Pharmaceutical', 670091.76),
(442, 846, 'Medicare', 567401.49),
(443, 848, 'Food', 623739.69),
(444, 851, 'IT', 937282.57),
(445, 853, 'Medicare', 528501.03),
(446, 857, 'Manufacturing', 991487.31),
(447, 858, 'Food', 770039.78),
(448, 861, 'Medicare', 640855.00),
(449, 862, 'Pharmaceutical', 213604.81),
(450, 863, 'Medicare', 467487.46),
(451, 864, 'IT', 457702.86),
(452, 865, 'Pharmaceutical', 725750.46),
(453, 867, 'Food', 291648.80),
(454, 868, 'Medicare', 825214.97),
(455, 869, 'Manufacturing', 294695.70),
(456, 870, 'Food', 948922.79),
(457, 871, 'Medicare', 603404.00),
(458, 872, 'Medicare', 733626.23),
(459, 874, 'Food', 393747.49),
(460, 876, 'Medicare', 224235.89),
(461, 878, 'Medicare', 378166.53),
(462, 880, 'Medicare', 548785.86),
(463, 881, 'Food', 188391.55),
(464, 884, 'IT', 786430.17),
(465, 888, 'Medicare', 712127.08),
(466, 891, 'Medicare', 264775.00),
(467, 893, 'Medicare', 208640.05),
(468, 894, 'Food', 386811.18),
(469, 900, 'Pharmaceutical', 446210.15),
(470, 901, 'Medicare', 797329.77),
(471, 903, 'Medicare', 255030.30),
(472, 904, 'Food', 632674.02),
(473, 905, 'Medicare', 890298.45),
(474, 907, 'Food', 679502.84),
(475, 910, 'Food', 286483.97),
(476, 913, 'Pharmaceutical', 382558.71),
(477, 916, 'Food', 640802.74),
(478, 918, 'Medicare', 447288.18),
(479, 921, 'Food', 126282.47),
(480, 922, 'IT', 875235.80),
(481, 924, 'Medicare', 834500.97),
(482, 926, 'Medicare', 310164.54),
(483, 928, 'Food', 290219.52),
(484, 934, 'Food', 731236.35),
(485, 937, 'Pharmaceutical', 544772.42),
(486, 938, 'Medicare', 756980.59),
(487, 939, 'Pharmaceutical', 468094.81),
(488, 941, 'Food', 534944.70),
(489, 943, 'Medicare', 475856.74),
(490, 944, 'IT', 366349.61),
(491, 952, 'Medicare', 431764.56),
(492, 955, 'Medicare', 743320.26),
(493, 956, 'Medicare', 160771.45),
(494, 957, 'Medicare', 695419.63),
(495, 958, 'Medicare', 347492.35),
(496, 959, 'Medicare', 466995.53),
(497, 965, 'IT', 598030.29),
(498, 969, 'Food', 345412.06),
(499, 970, 'Medicare', 832101.22),
(500, 973, 'Food', 223771.00),
(501, 975, 'Medicare', 515785.63),
(502, 976, 'Medicare', 891111.62),
(503, 977, 'Pharmaceutical', 792973.01),
(504, 982, 'Medicare', 881160.51),
(505, 983, 'Food', 182355.32),
(506, 984, 'Food', 545330.77),
(507, 988, 'Food', 876058.25),
(508, 991, 'Medicare', 868054.95),
(509, 992, 'Medicare', 115538.75),
(510, 993, 'Medicare', 603065.12),
(511, 995, 'Medicare', 177102.72),
(512, 998, 'Medicare', 643237.55),
(513, 1002, 'Food', 3000000.00),
(514, 1004, 'Medicare', 3000000.00);

-- --------------------------------------------------------

--
-- Table structure for table `Customer`
--

DROP TABLE IF EXISTS `Customer`;
CREATE TABLE IF NOT EXISTS `Customer` (
`id` int(11) NOT NULL,
  `name` varchar(64) NOT NULL,
  `street` varchar(128) NOT NULL,
  `city` varchar(64) NOT NULL,
  `state` varchar(32) NOT NULL,
  `zip_code` varchar(16) NOT NULL,
  `kind` varchar(45) NOT NULL
) ENGINE=InnoDB AUTO_INCREMENT=1005 DEFAULT CHARSET=latin1;

--
-- Dumping data for table `Customer`
--

INSERT INTO `Customer` (`id`, `name`, `street`, `city`, `state`, `zip_code`, `kind`) VALUES
(1, 'James Sullivan', '69 Reindahl Way', 'Shawnee Mission', 'Kansas', '66215', 'home'),
(2, 'Todd Robinson', '5 Montana Lane', 'Los Angeles', 'California', '90040', 'home'),
(3, 'Patrick Gonzalez', '10153 Summerview Street', 'Houston', 'Texas', '77250', 'home'),
(4, 'Gerald White', '73 Huxley Plaza', 'Grand Junction', 'Colorado', '81505', 'home'),
(5, 'Christopher Simmons', '9401 Pennsylvania Lane', 'Sterling', 'Virginia', '20167', 'home'),
(6, 'Ann Griffin', '76804 Manley Junction', 'Denver', 'Colorado', '80243', 'home'),
(7, 'Jesse Allen', '77068 Miller Alley', 'Kansas City', 'Missouri', '64153', 'home'),
(8, 'Marie Price', '96714 Karstens Lane', 'Boston', 'Massachusetts', '2114', 'home'),
(9, 'Victor Perez', '09 Rusk Plaza', 'Nashville', 'Tennessee', '37245', 'business'),
(10, 'Edward Morrison', '012 Kings Way', 'Chicago', 'Illinois', '60609', 'home'),
(11, 'Benjamin Webb', '092 Tennyson Park', 'Birmingham', 'Alabama', '35231', 'home'),
(12, 'Willie Gomez', '3744 Merchant Parkway', 'Tampa', 'Florida', '33661', 'business'),
(13, 'Amanda Hanson', '2 Shoshone Lane', 'San Diego', 'California', '92127', 'business'),
(14, 'Kenneth Franklin', '26 Barby Park', 'Jackson', 'Mississippi', '39282', 'business'),
(15, 'George Murphy', '82 Eastlawn Crossing', 'Cumming', 'Georgia', '30130', 'business'),
(16, 'Christine Fernandez', '20369 Straubel Junction', 'Charleston', 'West Virginia', '25389', 'business'),
(17, 'Jerry Hernandez', '503 Clove Avenue', 'Portland', 'Oregon', '97206', 'home'),
(18, 'Andrew Murray', '17663 Northport Alley', 'Oklahoma City', 'Oklahoma', '73109', 'home'),
(19, 'Victor Fuller', '36 Fisk Lane', 'Buffalo', 'New York', '14263', 'business'),
(20, 'Steven Alvarez', '1 Texas Plaza', 'Clearwater', 'Florida', '34629', 'home'),
(21, 'Margaret Carr', '375 Artisan Lane', 'Jacksonville', 'Florida', '32277', 'home'),
(22, 'Ryan Baker', '16124 Reinke Terrace', 'Atlanta', 'Georgia', '30375', 'business'),
(23, 'Shirley West', '3 Village Circle', 'Pueblo', 'Colorado', '81005', 'business'),
(24, 'Robert Rice', '65 Kensington Street', 'Chesapeake', 'Virginia', '23324', 'business'),
(25, 'Roy Ramos', '73 Fulton Crossing', 'Indianapolis', 'Indiana', '46231', 'home'),
(26, 'Peter Hill', '97 Ridgeway Center', 'Des Moines', 'Iowa', '50315', 'home'),
(27, 'Johnny Hernandez', '80895 Hauk Junction', 'Fort Worth', 'Texas', '76121', 'business'),
(28, 'Ralph Stewart', '3 Leroy Crossing', 'Washington', 'District of Columbia', '20392', 'business'),
(29, 'Justin Nichols', '89 Grim Alley', 'Tucson', 'Arizona', '85732', 'business'),
(30, 'Roger Hernandez', '829 Doe Crossing Parkway', 'Houston', 'Texas', '77065', 'business'),
(31, 'Evelyn Henry', '41498 Lerdahl Court', 'Pompano Beach', 'Florida', '33075', 'home'),
(32, 'Martin Hernandez', '5 Manitowish Pass', 'Cambridge', 'Massachusetts', '2142', 'home'),
(33, 'Denise Burke', '58807 Rutledge Point', 'Tulsa', 'Oklahoma', '74116', 'home'),
(34, 'Jack James', '1 Valley Edge Street', 'Brooklyn', 'New York', '11236', 'home'),
(35, 'Robin Carroll', '489 Longview Street', 'Buffalo', 'New York', '14276', 'home'),
(36, 'Laura Patterson', '2517 Dryden Road', 'Shawnee Mission', 'Kansas', '66276', 'home'),
(37, 'Keith Bell', '3 Bluejay Court', 'San Jose', 'California', '95113', 'business'),
(38, 'Cynthia Owens', '03 Little Fleur Court', 'Pasadena', 'California', '91186', 'home'),
(39, 'Edward Gardner', '3971 Sheridan Avenue', 'Stamford', 'Connecticut', '6905', 'home'),
(40, 'Gregory Bishop', '80227 Upham Center', 'Honolulu', 'Hawaii', '96825', 'business'),
(41, 'Keith Banks', '1267 Birchwood Way', 'El Paso', 'Texas', '79945', 'business'),
(42, 'Robert Hart', '7454 Garrison Center', 'Honolulu', 'Hawaii', '96825', 'home'),
(43, 'Emily Kelly', '33 Basil Hill', 'Bryan', 'Texas', '77806', 'home'),
(44, 'Robin Allen', '66587 Cody Hill', 'San Francisco', 'California', '94177', 'home'),
(45, 'Christina Simmons', '424 Glacier Hill Point', 'New Haven', 'Connecticut', '6505', 'business'),
(46, 'Ruth James', '4 Lawn Court', 'Oklahoma City', 'Oklahoma', '73109', 'business'),
(47, 'Richard Rogers', '10192 Petterle Lane', 'Whittier', 'California', '90610', 'business'),
(48, 'Wanda Greene', '0089 Holy Cross Alley', 'El Paso', 'Texas', '79934', 'business'),
(49, 'Diana Vasquez', '4280 Fallview Place', 'Albany', 'New York', '12247', 'home'),
(50, 'Anna Lawrence', '4944 Prairie Rose Trail', 'Santa Monica', 'California', '90405', 'business'),
(51, 'Melissa Jones', '2 Fieldstone Hill', 'Van Nuys', 'California', '91411', 'business'),
(52, 'Laura Bailey', '5305 Randy Terrace', 'Grand Rapids', 'Michigan', '49560', 'business'),
(53, 'Gerald Garrett', '90998 Sherman Point', 'Cleveland', 'Ohio', '44191', 'business'),
(54, 'Lori Lynch', '8 Twin Pines Center', 'Boston', 'Massachusetts', '2124', 'home'),
(55, 'Tammy Hanson', '742 Algoma Terrace', 'Conroe', 'Texas', '77305', 'business'),
(56, 'Ashley Ortiz', '91877 Red Cloud Avenue', 'Pasadena', 'California', '91109', 'business'),
(57, 'Victor Warren', '24 Fuller Trail', 'Arlington', 'Texas', '76004', 'home'),
(58, 'Michael Black', '4 Dunning Street', 'Atlanta', 'Georgia', '30375', 'business'),
(59, 'Walter Ortiz', '37821 Namekagon Parkway', 'Palo Alto', 'California', '94302', 'business'),
(60, 'Ann Gilbert', '2756 Commercial Pass', 'Plano', 'Texas', '75074', 'home'),
(61, 'Gloria West', '75 Dixon Hill', 'Boston', 'Massachusetts', '2216', 'business'),
(62, 'Tina Woods', '1 Esker Way', 'Albuquerque', 'New Mexico', '87195', 'business'),
(63, 'Sara Cunningham', '33621 Bashford Way', 'Cleveland', 'Ohio', '44125', 'home'),
(64, 'John Davis', '6250 Granby Parkway', 'Wilmington', 'Delaware', '19805', 'business'),
(65, 'Brandon Henderson', '69858 Mccormick Avenue', 'Reno', 'Nevada', '89510', 'business'),
(66, 'Martha Ortiz', '35480 Porter Park', 'Erie', 'Pennsylvania', '16522', 'home'),
(67, 'Roy Carroll', '17 8th Terrace', 'Washington', 'District of Columbia', '20220', 'home'),
(68, 'Scott Oliver', '84958 Hayes Court', 'Philadelphia', 'Pennsylvania', '19141', 'business'),
(69, 'Marilyn Ortiz', '14 Mitchell Street', 'Arlington', 'Virginia', '22234', 'home'),
(70, 'Judith Peters', '56174 Fallview Point', 'Pittsburgh', 'Pennsylvania', '15210', 'home'),
(71, 'Kelly Fields', '095 Buena Vista Plaza', 'Birmingham', 'Alabama', '35285', 'business'),
(72, 'Ernest Pierce', '8649 Algoma Way', 'Portland', 'Oregon', '97206', 'business'),
(73, 'Jane Morgan', '0 Cody Drive', 'Lehigh Acres', 'Florida', '33972', 'home'),
(74, 'Judy Banks', '38839 Londonderry Junction', 'Berkeley', 'California', '94705', 'business'),
(75, 'Nancy Holmes', '2731 Warbler Terrace', 'Lansing', 'Michigan', '48912', 'home'),
(76, 'Fred Lewis', '57146 Hazelcrest Place', 'Odessa', 'Texas', '79769', 'home'),
(77, 'Susan Oliver', '62 Pond Plaza', 'Nashville', 'Tennessee', '37220', 'home'),
(78, 'Juan Fuller', '433 Hollow Ridge Park', 'Trenton', 'New Jersey', '8608', 'home'),
(79, 'William Gutierrez', '87 Service Trail', 'Miami', 'Florida', '33261', 'business'),
(80, 'Alice Gray', '2449 Spenser Point', 'Pasadena', 'California', '91199', 'business'),
(81, 'Stephanie Morris', '01 Fulton Pass', 'Lancaster', 'Pennsylvania', '17605', 'home'),
(82, 'Eric Williamson', '98 Debs Drive', 'Richmond', 'Virginia', '23293', 'business'),
(83, 'Daniel Myers', '0355 Kedzie Junction', 'Staten Island', 'New York', '10310', 'home'),
(84, 'Lori Austin', '9213 Mcguire Road', 'Davenport', 'Iowa', '52804', 'business'),
(85, 'Irene Diaz', '79118 Crowley Trail', 'Athens', 'Georgia', '30605', 'business'),
(86, 'Christine Gordon', '8437 Old Shore Road', 'Honolulu', 'Hawaii', '96815', 'home'),
(87, 'Kevin Burton', '61415 Anhalt Junction', 'Roanoke', 'Virginia', '24009', 'business'),
(88, 'Paula Perez', '56541 Saint Paul Center', 'Kansas City', 'Kansas', '66105', 'home'),
(89, 'Wanda Stanley', '1368 Northview Plaza', 'Baton Rouge', 'Louisiana', '70820', 'business'),
(90, 'Julie Lewis', '497 Starling Hill', 'Anderson', 'South Carolina', '29625', 'home'),
(91, 'Raymond Gilbert', '49098 Warner Circle', 'Largo', 'Florida', '34643', 'business'),
(92, 'Frank Washington', '7317 Merrick Point', 'New Orleans', 'Louisiana', '70142', 'business'),
(93, 'Jesse Olson', '6 Erie Drive', 'Bethesda', 'Maryland', '20816', 'home'),
(94, 'Bobby Dixon', '95427 Burrows Road', 'Arlington', 'Virginia', '22225', 'home'),
(95, 'Amy Wood', '1073 Sycamore Lane', 'Largo', 'Florida', '34643', 'business'),
(96, 'Jennifer Mills', '08472 Hovde Place', 'Fort Lauderdale', 'Florida', '33310', 'home'),
(97, 'Kathryn Carpenter', '654 Oriole Lane', 'Las Cruces', 'New Mexico', '88006', 'business'),
(98, 'Benjamin Ryan', '97672 Twin Pines Street', 'Green Bay', 'Wisconsin', '54313', 'business'),
(99, 'Anthony Sanchez', '9 Fallview Hill', 'Fort Myers', 'Florida', '33994', 'business'),
(100, 'Martin Ross', '4562 Milwaukee Place', 'Pomona', 'California', '91797', 'home'),
(101, 'Kelly Gonzalez', '834 Loomis Place', 'Shawnee Mission', 'Kansas', '66225', 'home'),
(102, 'Charles Lane', '1 Macpherson Terrace', 'Troy', 'Michigan', '48098', 'home'),
(103, 'Kenneth Mason', '7 Texas Street', 'Las Vegas', 'Nevada', '89145', 'business'),
(104, 'Jeffrey Hill', '70 Harper Hill', 'Idaho Falls', 'Idaho', '83405', 'business'),
(105, 'Ryan Lawson', '9 Donald Avenue', 'Las Vegas', 'Nevada', '89130', 'business'),
(106, 'Patrick Sullivan', '28 Tomscot Terrace', 'El Paso', 'Texas', '88535', 'business'),
(107, 'Janice Gibson', '85418 Alpine Lane', 'Naperville', 'Illinois', '60567', 'business'),
(108, 'Lois Weaver', '304 Texas Alley', 'Duluth', 'Minnesota', '55811', 'business'),
(109, 'Martha Cruz', '65 Lyons Place', 'Shawnee Mission', 'Kansas', '66225', 'home'),
(110, 'Samuel Garcia', '2 Macpherson Center', 'El Paso', 'Texas', '88514', 'home'),
(111, 'Albert Rivera', '868 Portage Pass', 'Longview', 'Texas', '75605', 'home'),
(112, 'Lawrence Thompson', '90668 Myrtle Drive', 'Visalia', 'California', '93291', 'business'),
(113, 'Nicholas Vasquez', '4 Anderson Parkway', 'Atlanta', 'Georgia', '30336', 'business'),
(114, 'Gerald Woods', '713 Hoepker Road', 'Amarillo', 'Texas', '79116', 'business'),
(115, 'Philip Rice', '9582 Hansons Avenue', 'El Paso', 'Texas', '79994', 'business'),
(116, 'Harold Anderson', '437 Forster Way', 'Detroit', 'Michigan', '48267', 'home'),
(117, 'Thomas Woods', '36114 Moland Lane', 'Colorado Springs', 'Colorado', '80925', 'home'),
(118, 'Heather Fuller', '604 Oneill Park', 'North Port', 'Florida', '34290', 'business'),
(119, 'Juan Brooks', '2070 Emmet Park', 'Buffalo', 'New York', '14215', 'business'),
(120, 'Gary Chapman', '55 Katie Hill', 'Springfield', 'Illinois', '62718', 'home'),
(121, 'Ruby Ramos', '91 Annamark Parkway', 'Fort Lauderdale', 'Florida', '33345', 'business'),
(122, 'Ernest Wallace', '1 Vernon Street', 'Philadelphia', 'Pennsylvania', '19151', 'business'),
(123, 'Phillip Boyd', '74782 Nevada Court', 'Minneapolis', 'Minnesota', '55470', 'home'),
(124, 'Roger Pierce', '9488 Mitchell Center', 'Carson City', 'Nevada', '89714', 'home'),
(125, 'Margaret Gomez', '0516 Daystar Center', 'Albuquerque', 'New Mexico', '87140', 'home'),
(126, 'Sandra Perry', '7 Little Fleur Terrace', 'Dearborn', 'Michigan', '48126', 'home'),
(127, 'Kimberly Powell', '48 Meadow Valley Alley', 'Virginia Beach', 'Virginia', '23471', 'home'),
(128, 'Doris Knight', '17367 Sommers Park', 'Atlanta', 'Georgia', '30316', 'business'),
(129, 'Lillian Russell', '5 Harbort Plaza', 'Lubbock', 'Texas', '79452', 'business'),
(130, 'Phillip Anderson', '185 Bonner Crossing', 'Columbus', 'Georgia', '31904', 'home'),
(131, 'Michelle Garza', '3 Shelley Park', 'Paterson', 'New Jersey', '7544', 'home'),
(132, 'Gloria Stewart', '5813 Reinke Lane', 'Abilene', 'Texas', '79699', 'business'),
(133, 'Nicole Bryant', '41 Lerdahl Circle', 'Washington', 'District of Columbia', '20215', 'business'),
(134, 'Ruby Stevens', '46662 Calypso Lane', 'Fort Wayne', 'Indiana', '46852', 'business'),
(135, 'Ernest Evans', '34 Tennessee Plaza', 'Dayton', 'Ohio', '45414', 'home'),
(136, 'Joshua Griffin', '64873 Nevada Junction', 'Baltimore', 'Maryland', '21211', 'business'),
(137, 'Harry Nguyen', '818 Union Junction', 'Cincinnati', 'Ohio', '45999', 'business'),
(138, 'Harry Baker', '836 Sutherland Road', 'New York City', 'New York', '10249', 'home'),
(139, 'Jason Torres', '3892 8th Junction', 'Washington', 'District of Columbia', '20546', 'business'),
(140, 'Lori Murray', '94507 Northfield Point', 'Las Vegas', 'Nevada', '89166', 'home'),
(141, 'Martha Willis', '5669 Holmberg Junction', 'San Jose', 'California', '95113', 'business'),
(142, 'Brandon Fox', '667 Rockefeller Avenue', 'San Diego', 'California', '92137', 'business'),
(143, 'Frank Lawson', '41810 Lakewood Gardens Alley', 'Morgantown', 'West Virginia', '26505', 'home'),
(144, 'Brenda Welch', '6039 Sommers Lane', 'Roanoke', 'Virginia', '24024', 'home'),
(145, 'Dennis Sanchez', '0 Sunfield Park', 'Bakersfield', 'California', '93305', 'business'),
(146, 'Angela Fowler', '79531 Sutherland Terrace', 'Everett', 'Washington', '98206', 'business'),
(147, 'Andrew Hunter', '4648 Dayton Trail', 'Boise', 'Idaho', '83757', 'home'),
(148, 'Kelly Gilbert', '6 Huxley Road', 'Silver Spring', 'Maryland', '20918', 'home'),
(149, 'Barbara Baker', '7 Mallard Avenue', 'Fresno', 'California', '93709', 'home'),
(150, 'Joseph Henderson', '2 Nelson Place', 'Arlington', 'Virginia', '22244', 'home'),
(151, 'Todd Jenkins', '9 Bluejay Alley', 'Philadelphia', 'Pennsylvania', '19178', 'business'),
(152, 'Kevin Washington', '65133 Laurel Plaza', 'Littleton', 'Colorado', '80126', 'home'),
(153, 'Stephen Crawford', '1 Moulton Park', 'Huntington', 'West Virginia', '25716', 'business'),
(154, 'Annie Chavez', '0737 Bartillon Center', 'Corpus Christi', 'Texas', '78465', 'home'),
(155, 'Pamela Clark', '0896 Memorial Street', 'Gainesville', 'Florida', '32627', 'home'),
(156, 'Barbara Moore', '71194 6th Park', 'Dallas', 'Texas', '75310', 'business'),
(157, 'Gregory Mcdonald', '41396 Crownhardt Park', 'Flushing', 'New York', '11355', 'business'),
(158, 'Margaret Russell', '56 Beilfuss Park', 'Van Nuys', 'California', '91406', 'home'),
(159, 'Kathryn Bowman', '680 Huxley Alley', 'Washington', 'District of Columbia', '20022', 'business'),
(160, 'Richard Wagner', '3 Melody Park', 'El Paso', 'Texas', '88584', 'business'),
(161, 'Julia Willis', '21968 Havey Center', 'Sacramento', 'California', '95865', 'home'),
(162, 'Jean Morgan', '734 Fairview Alley', 'Gaithersburg', 'Maryland', '20883', 'business'),
(163, 'Keith Murphy', '02 Vahlen Plaza', 'Arlington', 'Texas', '76011', 'business'),
(164, 'Susan Meyer', '05 Monterey Terrace', 'Macon', 'Georgia', '31205', 'business'),
(165, 'Peter Cunningham', '8 Shoshone Drive', 'Chicago', 'Illinois', '60636', 'home'),
(166, 'Heather Wright', '81 Washington Circle', 'El Paso', 'Texas', '88558', 'home'),
(167, 'Michelle Powell', '4 Stuart Way', 'Denver', 'Colorado', '80217', 'home'),
(168, 'Jeremy Ramos', '7 Sundown Trail', 'Salt Lake City', 'Utah', '84125', 'business'),
(169, 'Martha Phillips', '578 Toban Circle', 'Phoenix', 'Arizona', '85062', 'home'),
(170, 'Willie Young', '85793 Merry Road', 'Jefferson City', 'Missouri', '65110', 'business'),
(171, 'Martha Nguyen', '35653 Washington Point', 'Saint Paul', 'Minnesota', '55103', 'home'),
(172, 'Aaron Harper', '64 Mifflin Crossing', 'Lawrenceville', 'Georgia', '30045', 'business'),
(173, 'Jerry Coleman', '3 Bayside Way', 'Houston', 'Texas', '77040', 'business'),
(174, 'Laura Fisher', '4 Kennedy Junction', 'College Station', 'Texas', '77844', 'business'),
(175, 'Christopher Ferguson', '86180 Leroy Court', 'Sacramento', 'California', '95833', 'business'),
(176, 'Frank Morales', '50 Heath Trail', 'Saint Louis', 'Missouri', '63169', 'home'),
(177, 'Dennis Rivera', '4 Ludington Parkway', 'Oklahoma City', 'Oklahoma', '73147', 'business'),
(178, 'Jerry Myers', '06639 Brickson Park Parkway', 'Pompano Beach', 'Florida', '33075', 'home'),
(179, 'Helen Freeman', '0 Logan Drive', 'Sacramento', 'California', '94207', 'home'),
(180, 'Janice Daniels', '8046 Packers Crossing', 'Oxnard', 'California', '93034', 'home'),
(181, 'Ruth Fowler', '6824 Carey Alley', 'Huntsville', 'Texas', '77343', 'home'),
(182, 'Tina Boyd', '0107 Marquette Drive', 'Tampa', 'Florida', '33633', 'business'),
(183, 'Deborah Martinez', '613 Lillian Drive', 'Vienna', 'Virginia', '22184', 'home'),
(184, 'Ryan Snyder', '1 Portage Hill', 'San Diego', 'California', '92110', 'home'),
(185, 'Marie Clark', '2 Leroy Lane', 'Detroit', 'Michigan', '48211', 'business'),
(186, 'Beverly Taylor', '84 Meadow Ridge Trail', 'Whittier', 'California', '90610', 'home'),
(187, 'Russell Young', '694 Fairfield Alley', 'Kalamazoo', 'Michigan', '49048', 'business'),
(188, 'Dorothy Ford', '818 Fairview Park', 'San Francisco', 'California', '94154', 'business'),
(189, 'Jean Bradley', '0 Birchwood Trail', 'Dallas', 'Texas', '75387', 'home'),
(190, 'Carol Moreno', '598 Kim Crossing', 'Greensboro', 'North Carolina', '27455', 'business'),
(191, 'Joan Garcia', '10317 Del Mar Trail', 'Austin', 'Texas', '78764', 'business'),
(192, 'Jeremy Crawford', '53795 Scoville Street', 'Des Moines', 'Iowa', '50310', 'home'),
(193, 'Steve Crawford', '704 Oneill Parkway', 'Detroit', 'Michigan', '48211', 'home'),
(194, 'Terry Hill', '3059 Mockingbird Drive', 'San Luis Obispo', 'California', '93407', 'home'),
(195, 'Rachel Young', '5 Linden Lane', 'Modesto', 'California', '95354', 'home'),
(196, 'Katherine Foster', '05601 Annamark Point', 'Raleigh', 'North Carolina', '27626', 'business'),
(197, 'Ashley Carpenter', '4 Nancy Way', 'Saint Petersburg', 'Florida', '33737', 'home'),
(198, 'Emily Fowler', '4 Bobwhite Parkway', 'Lake Charles', 'Louisiana', '70616', 'home'),
(199, 'Martha Kim', '130 Rockefeller Avenue', 'Charleston', 'South Carolina', '29416', 'business'),
(200, 'Patricia Hunter', '54321 7th Crossing', 'Daytona Beach', 'Florida', '32118', 'home'),
(201, 'Christina Sanchez', '82 Almo Plaza', 'Nashville', 'Tennessee', '37250', 'business'),
(202, 'Elizabeth Morgan', '21 Cherokee Alley', 'Yakima', 'Washington', '98907', 'home'),
(203, 'James Collins', '79814 Crest Line Road', 'Atlanta', 'Georgia', '30301', 'business'),
(204, 'Sean Palmer', '235 Division Avenue', 'Washington', 'District of Columbia', '20210', 'business'),
(205, 'Walter Lee', '57 Bartillon Circle', 'El Paso', 'Texas', '79977', 'home'),
(206, 'Justin Morgan', '60 Fairfield Crossing', 'Chattanooga', 'Tennessee', '37405', 'home'),
(207, 'Janet Allen', '9014 Rutledge Junction', 'Oklahoma City', 'Oklahoma', '73119', 'home'),
(208, 'Patrick Gomez', '69930 Heffernan Point', 'Simi Valley', 'California', '93094', 'home'),
(209, 'Clarence Thompson', '53 Fisk Lane', 'Fort Pierce', 'Florida', '34981', 'business'),
(210, 'Maria Romero', '89 Clemons Road', 'Los Angeles', 'California', '90055', 'home'),
(211, 'Philip Franklin', '3 Lukken Hill', 'Austin', 'Texas', '78789', 'home'),
(212, 'Clarence Snyder', '8 Logan Point', 'Dearborn', 'Michigan', '48126', 'business'),
(213, 'Katherine Stanley', '3 Dovetail Place', 'Jamaica', 'New York', '11499', 'business'),
(214, 'Billy Howard', '632 Cardinal Plaza', 'Tampa', 'Florida', '33605', 'business'),
(215, 'Robert Murphy', '5182 Grim Plaza', 'El Paso', 'Texas', '88558', 'home'),
(216, 'Gregory Bennett', '20 Iowa Crossing', 'Nashville', 'Tennessee', '37220', 'home'),
(217, 'Sharon Sullivan', '644 Larry Pass', 'Jamaica', 'New York', '11499', 'business'),
(218, 'Anthony Graham', '9 Eggendart Place', 'Houston', 'Texas', '77245', 'home'),
(219, 'Clarence Murphy', '7 Debs Hill', 'Raleigh', 'North Carolina', '27610', 'business'),
(220, 'Samuel Reynolds', '8053 Maple Wood Hill', 'Shawnee Mission', 'Kansas', '66215', 'business'),
(221, 'Pamela Howard', '5614 Waywood Avenue', 'Irvine', 'California', '92612', 'business'),
(222, 'Daniel Snyder', '5652 Prairieview Avenue', 'Monticello', 'Minnesota', '55565', 'home'),
(223, 'Nicole Lynch', '76 Granby Circle', 'Salt Lake City', 'Utah', '84120', 'business'),
(224, 'Michelle Hill', '109 Cherokee Trail', 'Anchorage', 'Alaska', '99522', 'home'),
(225, 'Steve Lawson', '47725 Doe Crossing Place', 'Norwalk', 'Connecticut', '6859', 'home'),
(226, 'Christina Knight', '47437 East Point', 'San Antonio', 'Texas', '78285', 'business'),
(227, 'Denise Carroll', '078 Sunfield Center', 'Los Angeles', 'California', '90050', 'business'),
(228, 'Martin Robinson', '71 Comanche Hill', 'Minneapolis', 'Minnesota', '55417', 'business'),
(229, 'Phyllis Riley', '334 Dakota Alley', 'Warren', 'Michigan', '48092', 'business'),
(230, 'Tammy Morris', '99860 Michigan Place', 'Jersey City', 'New Jersey', '7310', 'home'),
(231, 'Michelle Peters', '59 Cherokee Point', 'Saint Louis', 'Missouri', '63167', 'business'),
(232, 'Rose Green', '1448 Spenser Road', 'Hicksville', 'New York', '11854', 'home'),
(233, 'Jennifer Miller', '416 Magdeline Junction', 'Fresno', 'California', '93762', 'business'),
(234, 'Bobby Mendoza', '57 Pond Circle', 'Watertown', 'Massachusetts', '2472', 'home'),
(235, 'Frances Woods', '1 Pennsylvania Alley', 'Kansas City', 'Kansas', '66160', 'business'),
(236, 'Charles Montgomery', '92 Mandrake Parkway', 'Bakersfield', 'California', '93311', 'home'),
(237, 'Raymond Frazier', '394 Rigney Center', 'Fort Wayne', 'Indiana', '46862', 'business'),
(238, 'Terry Harrison', '93140 Loeprich Point', 'Pittsburgh', 'Pennsylvania', '15279', 'business'),
(239, 'Margaret Burton', '7230 Autumn Leaf Circle', 'Sioux Falls', 'South Dakota', '57198', 'home'),
(240, 'Karen Hughes', '43870 Glendale Drive', 'Peoria', 'Illinois', '61614', 'home'),
(241, 'Michael Green', '03189 Summerview Pass', 'Miami', 'Florida', '33142', 'business'),
(242, 'Bonnie Greene', '2 Manitowish Trail', 'Fort Worth', 'Texas', '76105', 'business'),
(243, 'Phyllis Alvarez', '924 Straubel Avenue', 'Austin', 'Texas', '78715', 'business'),
(244, 'Denise Romero', '0931 Gateway Road', 'Sacramento', 'California', '94280', 'business'),
(245, 'Julie Gonzalez', '8 Porter Drive', 'Norwalk', 'Connecticut', '6859', 'home'),
(246, 'Andrew Mccoy', '796 Paget Alley', 'El Paso', 'Texas', '79968', 'business'),
(247, 'Ronald Boyd', '5598 Anniversary Plaza', 'Albuquerque', 'New Mexico', '87105', 'home'),
(248, 'Anthony Burke', '7 Birchwood Trail', 'Lima', 'Ohio', '45807', 'business'),
(249, 'Ernest White', '6 Melrose Alley', 'Pocatello', 'Idaho', '83206', 'home'),
(250, 'Karen Edwards', '329 Sachs Junction', 'Columbia', 'South Carolina', '29240', 'business'),
(251, 'Bruce Young', '69 Valley Edge Pass', 'Montgomery', 'Alabama', '36125', 'business'),
(252, 'Patrick Holmes', '5 Barnett Park', 'Inglewood', 'California', '90305', 'home'),
(253, 'Debra Castillo', '435 Forest Point', 'Garden Grove', 'California', '92844', 'business'),
(254, 'Thomas Carroll', '48 Anniversary Trail', 'Austin', 'Texas', '78715', 'home'),
(255, 'Philip Fisher', '29 Darwin Circle', 'Hollywood', 'Florida', '33023', 'business'),
(256, 'Robin Williams', '745 Parkside Pass', 'Washington', 'District of Columbia', '20420', 'home'),
(257, 'Diana Day', '7790 American Ash Terrace', 'Cleveland', 'Ohio', '44111', 'business'),
(258, 'Annie Rice', '601 East Junction', 'Marietta', 'Georgia', '30061', 'business'),
(259, 'Peter Graham', '9 Mockingbird Crossing', 'Washington', 'District of Columbia', '20073', 'business'),
(260, 'Brenda Barnes', '1 Warrior Plaza', 'Tulsa', 'Oklahoma', '74141', 'business'),
(261, 'Joan Crawford', '04 Moulton Trail', 'Albuquerque', 'New Mexico', '87115', 'home'),
(262, 'Mark Owens', '851 Kropf Plaza', 'Austin', 'Texas', '78744', 'business'),
(263, 'Joe Elliott', '05435 Pine View Circle', 'Oklahoma City', 'Oklahoma', '73173', 'business'),
(264, 'Julia Howell', '6 Green Ridge Parkway', 'Kansas City', 'Missouri', '64142', 'business'),
(265, 'Ruby Harris', '01 Hudson Avenue', 'San Diego', 'California', '92170', 'home'),
(266, 'Matthew Washington', '6 Oak Way', 'Lawrenceville', 'Georgia', '30245', 'business'),
(267, 'Carolyn Berry', '66 Hoepker Lane', 'Tucson', 'Arizona', '85748', 'business'),
(268, 'Kenneth Wheeler', '89146 Granby Avenue', 'Fayetteville', 'North Carolina', '28314', 'home'),
(269, 'Adam Watson', '2 La Follette Way', 'Fullerton', 'California', '92835', 'business'),
(270, 'Janice Harris', '15 Graedel Way', 'Roanoke', 'Virginia', '24048', 'business'),
(271, 'Sarah West', '9976 1st Terrace', 'Apache Junction', 'Arizona', '85219', 'home'),
(272, 'Donna Rice', '936 Nancy Terrace', 'Washington', 'District of Columbia', '20599', 'home'),
(273, 'Ryan Rivera', '17723 Pierstorff Drive', 'North Hollywood', 'California', '91606', 'business'),
(274, 'Shirley Hall', '9416 Petterle Road', 'Arvada', 'Colorado', '80005', 'home'),
(275, 'Cynthia Moore', '0371 Kropf Hill', 'Houston', 'Texas', '77250', 'home'),
(276, 'Carl Ray', '866 Grasskamp Trail', 'San Jose', 'California', '95173', 'home'),
(277, 'Louise Lawson', '7 Bayside Crossing', 'Washington', 'District of Columbia', '20215', 'business'),
(278, 'Heather Howell', '26367 Springview Plaza', 'Las Vegas', 'Nevada', '89166', 'business'),
(279, 'Paul Green', '49322 Moose Court', 'Saint Louis', 'Missouri', '63131', 'business'),
(280, 'Carl Snyder', '027 Bobwhite Center', 'Huntsville', 'Alabama', '35805', 'business'),
(281, 'Jerry Parker', '1299 Kedzie Road', 'Phoenix', 'Arizona', '85053', 'home'),
(282, 'Cynthia Stone', '14713 Main Alley', 'El Paso', 'Texas', '88525', 'home'),
(283, 'Emily Webb', '68 Maple Plaza', 'Portland', 'Oregon', '97221', 'business'),
(284, 'Rose Armstrong', '45019 Warbler Circle', 'Atlanta', 'Georgia', '30311', 'home'),
(285, 'Adam Brooks', '1270 Buell Center', 'Flint', 'Michigan', '48555', 'business'),
(286, 'Emily Warren', '276 Chinook Hill', 'Dayton', 'Ohio', '45408', 'business'),
(287, 'Ralph Moreno', '5905 Lindbergh Point', 'Macon', 'Georgia', '31210', 'business'),
(288, 'Victor Adams', '2 Truax Drive', 'Levittown', 'Pennsylvania', '19058', 'home'),
(289, 'Ann Knight', '2 Becker Park', 'Seattle', 'Washington', '98127', 'business'),
(290, 'Mark Stone', '5742 Meadow Vale Circle', 'Little Rock', 'Arkansas', '72215', 'home'),
(291, 'Joan Harris', '0 Loomis Road', 'San Antonio', 'Texas', '78205', 'home'),
(292, 'Ernest Young', '58865 Hoepker Crossing', 'Jacksonville', 'Florida', '32277', 'home'),
(293, 'David Williams', '0655 Paget Trail', 'Bethlehem', 'Pennsylvania', '18018', 'home'),
(294, 'Jeremy Lane', '76126 Westerfield Point', 'Louisville', 'Kentucky', '40215', 'home'),
(295, 'Ronald Robinson', '792 Paget Avenue', 'Naples', 'Florida', '34108', 'business'),
(296, 'Angela Stone', '040 Becker Circle', 'New Orleans', 'Louisiana', '70154', 'home'),
(297, 'Jeffrey Greene', '1664 Harper Hill', 'Aiken', 'South Carolina', '29805', 'home'),
(298, 'Norma Chapman', '02 Atwood Point', 'Seattle', 'Washington', '98158', 'business'),
(299, 'Denise Fernandez', '7 Rusk Way', 'Norwalk', 'Connecticut', '6859', 'business'),
(300, 'Louise Ford', '19 Sundown Circle', 'Colorado Springs', 'Colorado', '80905', 'home'),
(301, 'William Kim', '01 Lakewood Gardens Plaza', 'Van Nuys', 'California', '91411', 'business'),
(302, 'Cynthia Barnes', '34581 North Road', 'Delray Beach', 'Florida', '33448', 'business'),
(303, 'Betty Ray', '106 Linden Plaza', 'Sacramento', 'California', '94257', 'home'),
(304, 'Brandon Flores', '33055 Utah Way', 'Charlotte', 'North Carolina', '28225', 'business'),
(305, 'Harold Fields', '832 Mayer Plaza', 'Fort Worth', 'Texas', '76162', 'business'),
(306, 'Cynthia Reid', '10 Drewry Terrace', 'San Antonio', 'Texas', '78255', 'business'),
(307, 'Shawn Little', '50 Clyde Gallagher Point', 'Tacoma', 'Washington', '98464', 'home'),
(308, 'Patricia Hunt', '0 Springs Street', 'Honolulu', 'Hawaii', '96835', 'home'),
(309, 'Ruth Gomez', '931 Ryan Way', 'Charleston', 'West Virginia', '25305', 'business'),
(310, 'Robin Ruiz', '85 Main Parkway', 'Erie', 'Pennsylvania', '16522', 'business'),
(311, 'Barbara Bryant', '96242 Judy Crossing', 'Richmond', 'Virginia', '23242', 'business'),
(312, 'Willie Anderson', '28819 Dorton Lane', 'Louisville', 'Kentucky', '40220', 'home'),
(313, 'Nicole Davis', '72978 Colorado Place', 'Garden Grove', 'California', '92645', 'business'),
(314, 'Amy Patterson', '46819 Amoth Way', 'Newark', 'New Jersey', '7188', 'business'),
(315, 'Daniel Watson', '5516 Marcy Place', 'Wichita', 'Kansas', '67205', 'business'),
(316, 'Joyce Collins', '4896 Marquette Junction', 'Lynn', 'Massachusetts', '1905', 'business'),
(317, 'Kathy Young', '540 Bartelt Parkway', 'Des Moines', 'Iowa', '50362', 'business'),
(318, 'Roger Garcia', '4975 Monterey Alley', 'Melbourne', 'Florida', '32941', 'home'),
(319, 'Joshua Matthews', '28 Farwell Lane', 'Waterbury', 'Connecticut', '6705', 'home'),
(320, 'Phillip Perry', '15 Green Ridge Avenue', 'Saint Louis', 'Missouri', '63196', 'home'),
(321, 'Anne Lewis', '49988 Arapahoe Terrace', 'Elizabeth', 'New Jersey', '7208', 'home'),
(322, 'Jane Thompson', '950 Stone Corner Point', 'Los Angeles', 'California', '90005', 'business'),
(323, 'Betty Fowler', '7987 Sunfield Place', 'San Jose', 'California', '95118', 'business'),
(324, 'Louise Fowler', '87 Mcguire Avenue', 'New York City', 'New York', '10203', 'business'),
(325, 'Roger Burke', '583 Magdeline Parkway', 'Danbury', 'Connecticut', '6816', 'business'),
(326, 'Virginia Riley', '78 Maple Wood Terrace', 'Aurora', 'Illinois', '60505', 'business'),
(327, 'Pamela Robertson', '14 Surrey Terrace', 'Largo', 'Florida', '34643', 'business'),
(328, 'Denise Robertson', '54177 Manitowish Place', 'Memphis', 'Tennessee', '38168', 'business'),
(329, 'Diana Henry', '70147 Graceland Court', 'Houston', 'Texas', '77276', 'business'),
(330, 'Marilyn Hawkins', '3134 Grim Court', 'Des Moines', 'Iowa', '50335', 'home'),
(331, 'Rachel Howard', '4289 Hauk Way', 'Atlanta', 'Georgia', '30368', 'home'),
(332, 'Chris Simmons', '6 Fuller Crossing', 'Oklahoma City', 'Oklahoma', '73197', 'home'),
(333, 'Charles Hanson', '37 Sheridan Pass', 'Hartford', 'Connecticut', '6183', 'home'),
(334, 'Roy Garza', '08 Ramsey Park', 'Chattanooga', 'Tennessee', '37405', 'business'),
(335, 'Sarah Palmer', '18588 Summerview Center', 'Madison', 'Wisconsin', '53716', 'home'),
(336, 'Nicholas Reyes', '4357 Grim Point', 'San Diego', 'California', '92196', 'home'),
(337, 'Roger Young', '2503 Packers Road', 'Wilmington', 'North Carolina', '28405', 'home'),
(338, 'Christina Dixon', '54 Old Gate Way', 'Valley Forge', 'Pennsylvania', '19495', 'home'),
(339, 'Elizabeth Rivera', '88 Duke Circle', 'Winston Salem', 'North Carolina', '27116', 'business'),
(340, 'Jimmy Parker', '67156 Ruskin Parkway', 'Los Angeles', 'California', '90087', 'home'),
(341, 'Sean Ellis', '53912 Acker Center', 'New Orleans', 'Louisiana', '70129', 'business'),
(342, 'Samuel Hawkins', '5 Merry Parkway', 'Colorado Springs', 'Colorado', '80935', 'home'),
(343, 'Craig Thomas', '0078 Cardinal Terrace', 'Washington', 'District of Columbia', '20238', 'business'),
(344, 'Kevin Gibson', '794 Graceland Street', 'Des Moines', 'Iowa', '50936', 'home'),
(345, 'Paula Medina', '5 Reindahl Way', 'Memphis', 'Tennessee', '38131', 'home'),
(346, 'Philip Flores', '04059 Mesta Drive', 'Seattle', 'Washington', '98104', 'business'),
(347, 'Sarah Turner', '24 Commercial Terrace', 'San Jose', 'California', '95123', 'business'),
(348, 'Diana Burton', '41958 Colorado Alley', 'Annapolis', 'Maryland', '21405', 'business'),
(349, 'Kathryn Clark', '9 Raven Center', 'Baltimore', 'Maryland', '21216', 'business'),
(350, 'Alan Martin', '3759 Swallow Center', 'Wilkes Barre', 'Pennsylvania', '18763', 'business'),
(351, 'Irene Little', '047 Barby Alley', 'Pasadena', 'California', '91131', 'home'),
(352, 'Ralph Richards', '60 Little Fleur Court', 'Hartford', 'Connecticut', '6105', 'business'),
(353, 'Scott Garcia', '466 Transport Road', 'Nashville', 'Tennessee', '37215', 'business'),
(354, 'Victor Roberts', '3 Merrick Parkway', 'Baton Rouge', 'Louisiana', '70826', 'business'),
(355, 'Harold Murray', '4 Rieder Hill', 'Chicago', 'Illinois', '60691', 'home'),
(356, 'Richard Campbell', '3 Prairieview Hill', 'Mesquite', 'Texas', '75185', 'home'),
(357, 'Kelly Kelley', '67185 Calypso Center', 'Pittsburgh', 'Pennsylvania', '15250', 'home'),
(358, 'Jeffrey Sanchez', '430 Graedel Hill', 'Bronx', 'New York', '10454', 'business'),
(359, 'Thomas Harrison', '35348 Bashford Lane', 'Waco', 'Texas', '76796', 'business'),
(360, 'Philip White', '36 Maywood Place', 'Reno', 'Nevada', '89595', 'home'),
(361, 'Russell Cook', '55 Thackeray Way', 'Grand Junction', 'Colorado', '81505', 'home'),
(362, 'Theresa Greene', '8 Drewry Terrace', 'Albuquerque', 'New Mexico', '87110', 'home'),
(363, 'Linda Andrews', '66 Shelley Crossing', 'Lexington', 'Kentucky', '40576', 'home'),
(364, 'Brenda Olson', '26 Atwood Hill', 'Boise', 'Idaho', '83757', 'home'),
(365, 'Karen Scott', '37 Moland Junction', 'Lexington', 'Kentucky', '40591', 'home'),
(366, 'Benjamin Lynch', '724 Mcbride Hill', 'Torrance', 'California', '90505', 'business'),
(367, 'Sharon Arnold', '580 American Ash Court', 'Fort Worth', 'Texas', '76129', 'home'),
(368, 'Barbara Robinson', '322 Northview Circle', 'Newark', 'Delaware', '19714', 'business'),
(369, 'Matthew Harris', '6662 Corry Junction', 'Oklahoma City', 'Oklahoma', '73142', 'home'),
(370, 'Diana Hernandez', '09281 Hermina Road', 'Gary', 'Indiana', '46406', 'business'),
(371, 'Douglas Garza', '451 Fallview Crossing', 'Berkeley', 'California', '94712', 'home'),
(372, 'Robin Dunn', '042 Waxwing Pass', 'Santa Rosa', 'California', '95405', 'home'),
(373, 'Lori Wheeler', '8245 Manufacturers Lane', 'Washington', 'District of Columbia', '20310', 'business'),
(374, 'Ruth Moreno', '8 Summer Ridge Drive', 'Albany', 'New York', '12222', 'business'),
(375, 'Jose Reyes', '69 Stephen Court', 'Garland', 'Texas', '75044', 'business'),
(376, 'Lawrence Little', '9 Parkside Court', 'Evansville', 'Indiana', '47737', 'home'),
(377, 'Adam Porter', '1 Arkansas Center', 'Sarasota', 'Florida', '34238', 'home'),
(378, 'Mildred Berry', '5 Hintze Court', 'White Plains', 'New York', '10606', 'business'),
(379, 'Heather Hudson', '0 Grayhawk Lane', 'Baltimore', 'Maryland', '21216', 'home'),
(380, 'Dennis George', '39 Lien Drive', 'Jamaica', 'New York', '11499', 'home'),
(381, 'Andrew Rose', '68525 Sunnyside Place', 'Washington', 'District of Columbia', '20535', 'business'),
(382, 'Roy Washington', '538 3rd Court', 'Northridge', 'California', '91328', 'business'),
(383, 'Carlos Price', '7 Spaight Junction', 'Mobile', 'Alabama', '36628', 'business'),
(384, 'Kimberly Smith', '84 Farmco Point', 'London', 'Kentucky', '40745', 'business'),
(385, 'Marie Ryan', '6046 Welch Court', 'Kalamazoo', 'Michigan', '49048', 'business'),
(386, 'Steven Larson', '1262 Hudson Hill', 'Birmingham', 'Alabama', '35205', 'business'),
(387, 'Howard Burns', '9004 Marquette Place', 'Miami', 'Florida', '33164', 'business'),
(388, 'Rose Mason', '8 Eagan Junction', 'Columbus', 'Ohio', '43284', 'business'),
(389, 'Larry Campbell', '533 Farmco Way', 'Charlotte', 'North Carolina', '28263', 'business'),
(390, 'Theresa Young', '8022 Pennsylvania Place', 'Sacramento', 'California', '95852', 'home'),
(391, 'Deborah Mcdonald', '187 Rieder Way', 'Corpus Christi', 'Texas', '78470', 'business'),
(392, 'Shirley Anderson', '206 Barby Center', 'El Paso', 'Texas', '79989', 'business'),
(393, 'Kimberly Miller', '43548 Carioca Circle', 'Sarasota', 'Florida', '34233', 'home'),
(394, 'Lawrence Armstrong', '04284 Canary Parkway', 'Salt Lake City', 'Utah', '84152', 'business'),
(395, 'Tammy Ruiz', '17356 Marcy Street', 'Canton', 'Ohio', '44720', 'home'),
(396, 'Wayne Patterson', '07330 Bunker Hill Center', 'Brooklyn', 'New York', '11241', 'home'),
(397, 'Debra Phillips', '9860 Scoville Road', 'Fresno', 'California', '93786', 'business'),
(398, 'Keith Stephens', '63639 Westend Terrace', 'Garland', 'Texas', '75049', 'business'),
(399, 'Carl Gonzales', '79 Muir Way', 'Bronx', 'New York', '10464', 'home'),
(400, 'Joshua Perkins', '07024 David Lane', 'Cleveland', 'Ohio', '44105', 'business'),
(401, 'Pamela Dunn', '58 Ilene Court', 'Boise', 'Idaho', '83732', 'home'),
(402, 'Carol Hansen', '1505 Doe Crossing Road', 'Fairfax', 'Virginia', '22036', 'home'),
(403, 'Joan Banks', '55 Northfield Lane', 'Burbank', 'California', '91520', 'business'),
(404, 'Jack Rodriguez', '9735 Melvin Crossing', 'Jamaica', 'New York', '11470', 'home'),
(405, 'Theresa Cooper', '91872 Lillian Trail', 'Honolulu', 'Hawaii', '96835', 'home'),
(406, 'Barbara Murray', '138 Saint Paul Junction', 'Monticello', 'Minnesota', '55585', 'business'),
(407, 'Martin Moore', '3192 Fordem Circle', 'Moreno Valley', 'California', '92555', 'business'),
(408, 'Judy Ellis', '742 Northwestern Road', 'Long Beach', 'California', '90847', 'home'),
(409, 'Stephanie Sims', '587 Buell Park', 'Fayetteville', 'North Carolina', '28314', 'business'),
(410, 'Justin Burns', '22935 Eliot Point', 'Oklahoma City', 'Oklahoma', '73152', 'home'),
(411, 'Willie Carpenter', '489 Express Park', 'Charlotte', 'North Carolina', '28289', 'home'),
(412, 'Earl Chavez', '882 Mockingbird Crossing', 'Oklahoma City', 'Oklahoma', '73129', 'business'),
(413, 'Shirley Wright', '137 Kings Lane', 'Washington', 'District of Columbia', '20016', 'business'),
(414, 'Jerry Hudson', '276 Golf Avenue', 'Missoula', 'Montana', '59806', 'home'),
(415, 'Marilyn Williams', '71 Bobwhite Crossing', 'Salem', 'Oregon', '97306', 'home'),
(416, 'Margaret Freeman', '6270 Lake View Road', 'Montgomery', 'Alabama', '36125', 'home'),
(417, 'Elizabeth Alvarez', '12 Russell Way', 'Detroit', 'Michigan', '48258', 'business'),
(418, 'Jack Anderson', '412 Toban Alley', 'Denver', 'Colorado', '80241', 'home'),
(419, 'Louis Ramos', '8 Harbort Trail', 'Bradenton', 'Florida', '34205', 'business'),
(420, 'Jack Little', '11951 Blaine Terrace', 'Manchester', 'New Hampshire', '3105', 'home'),
(421, 'Kelly Holmes', '978 Sutteridge Trail', 'Fort Wayne', 'Indiana', '46867', 'home'),
(422, 'Jonathan Jordan', '2 Monument Parkway', 'Idaho Falls', 'Idaho', '83405', 'business'),
(423, 'Philip Adams', '6998 Miller Drive', 'Greeley', 'Colorado', '80638', 'business'),
(424, 'Wanda Spencer', '620 Doe Crossing Point', 'Anaheim', 'California', '92825', 'business'),
(425, 'Margaret Peters', '91 Glendale Park', 'Rochester', 'New York', '14646', 'home'),
(426, 'Patrick Torres', '500 Nancy Park', 'Charlotte', 'North Carolina', '28215', 'home'),
(427, 'Jean Peters', '49 Morrow Avenue', 'San Diego', 'California', '92165', 'home'),
(428, 'Anna Moreno', '4518 Amoth Park', 'North Las Vegas', 'Nevada', '89036', 'home'),
(429, 'Chris Owens', '61 Bunting Terrace', 'Grand Rapids', 'Michigan', '49544', 'business'),
(430, 'Thomas Collins', '1500 Veith Point', 'Jersey City', 'New Jersey', '7305', 'home'),
(431, 'Stephen Bowman', '70 Miller Crossing', 'Newark', 'New Jersey', '7112', 'business'),
(432, 'Daniel Morris', '9687 Pearson Alley', 'Cleveland', 'Ohio', '44130', 'home'),
(433, 'Brenda Dixon', '2 Merrick Alley', 'Memphis', 'Tennessee', '38181', 'business'),
(434, 'Jose Long', '21942 Elmside Street', 'Des Moines', 'Iowa', '50315', 'home'),
(435, 'Kevin Kim', '628 Eastlawn Alley', 'Saint Paul', 'Minnesota', '55115', 'business'),
(436, 'Jessica Nelson', '8310 Eagan Crossing', 'Abilene', 'Texas', '79605', 'home'),
(437, 'Timothy Jones', '81816 Waxwing Parkway', 'Indianapolis', 'Indiana', '46216', 'home'),
(438, 'Anna Fowler', '91 Chinook Alley', 'Cincinnati', 'Ohio', '45203', 'home'),
(439, 'Elizabeth Fisher', '78 Independence Road', 'Atlanta', 'Georgia', '31196', 'home'),
(440, 'Kathryn Morgan', '993 Westerfield Pass', 'San Jose', 'California', '95138', 'business'),
(441, 'Antonio Ross', '19645 Delladonna Trail', 'Bronx', 'New York', '10469', 'business'),
(442, 'Shawn Austin', '5106 Farmco Way', 'Sioux Falls', 'South Dakota', '57105', 'home'),
(443, 'Jimmy Armstrong', '36 Gina Junction', 'Washington', 'District of Columbia', '20591', 'business'),
(444, 'Mark Knight', '7353 Esker Pass', 'Dallas', 'Texas', '75310', 'business'),
(445, 'Judy Baker', '8064 Hooker Street', 'Phoenix', 'Arizona', '85035', 'home'),
(446, 'Jason Mills', '53 International Center', 'Clearwater', 'Florida', '33763', 'business'),
(447, 'Ronald Long', '5 Warbler Place', 'Temple', 'Texas', '76505', 'business'),
(448, 'Harry Romero', '61 Anhalt Plaza', 'Washington', 'District of Columbia', '20244', 'business'),
(449, 'Sandra Diaz', '658 Dwight Street', 'Knoxville', 'Tennessee', '37995', 'business'),
(450, 'Jack Garrett', '365 Birchwood Trail', 'Temple', 'Texas', '76505', 'business'),
(451, 'Samuel Allen', '180 Larry Trail', 'Montgomery', 'Alabama', '36177', 'home'),
(452, 'Eugene Burns', '94 Buena Vista Circle', 'Orlando', 'Florida', '32819', 'home'),
(453, 'Harry Moreno', '7 Jenna Street', 'Pittsburgh', 'Pennsylvania', '15215', 'home'),
(454, 'Jesse Torres', '61 Killdeer Avenue', 'Sioux Falls', 'South Dakota', '57110', 'home'),
(455, 'Michael Gardner', '43 South Point', 'Fredericksburg', 'Virginia', '22405', 'business'),
(456, 'Cynthia Green', '889 Dexter Crossing', 'Manchester', 'New Hampshire', '3105', 'business'),
(457, 'Clarence Brown', '1155 Springs Alley', 'Long Beach', 'California', '90831', 'business'),
(458, 'Diana Reynolds', '90 Cherokee Hill', 'Montgomery', 'Alabama', '36104', 'business'),
(459, 'Kathleen Peters', '468 Lillian Lane', 'Boston', 'Massachusetts', '2124', 'business'),
(460, 'Annie Henry', '89 Bunker Hill Parkway', 'Mobile', 'Alabama', '36610', 'business'),
(461, 'Julia Rodriguez', '8321 Dawn Terrace', 'Grand Rapids', 'Michigan', '49560', 'business'),
(462, 'Kathleen Payne', '8559 Duke Alley', 'Great Neck', 'New York', '11024', 'home'),
(463, 'Larry Fowler', '49837 Little Fleur Avenue', 'Milwaukee', 'Wisconsin', '53220', 'home'),
(464, 'Melissa Carpenter', '01157 Paget Point', 'Miami', 'Florida', '33164', 'home'),
(465, 'Jose Bishop', '07133 Warner Plaza', 'Washington', 'District of Columbia', '20591', 'home'),
(466, 'Lisa Ward', '6760 Duke Trail', 'Miami', 'Florida', '33129', 'home'),
(467, 'Judith Adams', '413 Leroy Street', 'Tampa', 'Florida', '33620', 'business'),
(468, 'Gerald Crawford', '3 Petterle Alley', 'Salt Lake City', 'Utah', '84135', 'home'),
(469, 'Ralph Kim', '065 Arizona Lane', 'Las Vegas', 'Nevada', '89193', 'business'),
(470, 'Keith Cook', '87 Carberry Alley', 'Los Angeles', 'California', '90050', 'home'),
(471, 'Timothy Vasquez', '53 International Circle', 'Fort Lauderdale', 'Florida', '33355', 'business'),
(472, 'Benjamin Smith', '45186 Heath Lane', 'Reno', 'Nevada', '89505', 'home'),
(473, 'Jessica Perry', '9419 Hoffman Drive', 'San Antonio', 'Texas', '78255', 'business'),
(474, 'Louise Elliott', '60168 Parkside Road', 'Waterbury', 'Connecticut', '6705', 'home'),
(475, 'Sharon Gutierrez', '7 Sauthoff Court', 'Virginia Beach', 'Virginia', '23454', 'home'),
(476, 'Jerry Hart', '12 Portage Trail', 'Schenectady', 'New York', '12305', 'business'),
(477, 'Amy Johnston', '5 Logan Plaza', 'Sacramento', 'California', '94297', 'home'),
(478, 'Alan Fisher', '7593 Pawling Court', 'Jacksonville', 'Florida', '32277', 'home'),
(479, 'Gerald Ramirez', '6496 Arrowood Center', 'Baton Rouge', 'Louisiana', '70805', 'home'),
(480, 'Arthur Rivera', '91 Reindahl Way', 'Mesa', 'Arizona', '85215', 'home'),
(481, 'Maria Carroll', '713 Crowley Avenue', 'Schenectady', 'New York', '12325', 'home'),
(482, 'Edward Rice', '65 Express Road', 'Memphis', 'Tennessee', '38131', 'home'),
(483, 'Anne Jones', '3 Summerview Plaza', 'Memphis', 'Tennessee', '38143', 'home'),
(484, 'Ralph Cook', '1344 Blue Bill Park Court', 'Minneapolis', 'Minnesota', '55446', 'home'),
(485, 'Jack Miller', '55699 Sundown Place', 'Pensacola', 'Florida', '32511', 'home'),
(486, 'Karen Richardson', '87 Reindahl Trail', 'Denver', 'Colorado', '80235', 'home'),
(487, 'Ralph Schmidt', '8049 Fisk Court', 'Cumming', 'Georgia', '30130', 'home'),
(488, 'Kathy Hall', '610 Debs Way', 'Houston', 'Texas', '77212', 'business'),
(489, 'Jason Welch', '2996 Dennis Way', 'Houston', 'Texas', '77250', 'home'),
(490, 'Jennifer Lewis', '05553 Arizona Alley', 'Dallas', 'Texas', '75392', 'home'),
(491, 'Michael Grant', '64 Mariners Cove Hill', 'Newark', 'New Jersey', '7188', 'home'),
(492, 'Gloria Mason', '2 Comanche Drive', 'Colorado Springs', 'Colorado', '80945', 'home'),
(493, 'Marilyn Hamilton', '45896 Southridge Circle', 'Honolulu', 'Hawaii', '96825', 'home'),
(494, 'Donald Garrett', '2428 Grasskamp Street', 'Oklahoma City', 'Oklahoma', '73190', 'business'),
(495, 'Robert Webb', '11172 Meadow Valley Parkway', 'Virginia Beach', 'Virginia', '23459', 'business'),
(496, 'Matthew Montgomery', '0145 Raven Park', 'Fort Wayne', 'Indiana', '46852', 'home'),
(497, 'Mary Williams', '56130 Old Gate Plaza', 'Worcester', 'Massachusetts', '1654', 'business'),
(498, 'Bonnie Ruiz', '88883 Bultman Center', 'Frankfort', 'Kentucky', '40618', 'home'),
(499, 'Timothy Ellis', '0348 Di Loreto Way', 'Orlando', 'Florida', '32891', 'business'),
(500, 'Kathryn Lewis', '56059 Lawn Plaza', 'Dayton', 'Ohio', '45426', 'home'),
(501, 'Brandon Peterson', '5 Sherman Pass', 'Minneapolis', 'Minnesota', '55448', 'business'),
(502, 'Teresa Reynolds', '45173 Dwight Terrace', 'New York City', 'New York', '10079', 'business'),
(503, 'Virginia Carter', '83061 Del Mar Crossing', 'Hialeah', 'Florida', '33013', 'business'),
(504, 'Jeffrey Nichols', '2 Elgar Way', 'Greensboro', 'North Carolina', '27499', 'business'),
(505, 'Katherine Campbell', '94 Granby Crossing', 'Florence', 'South Carolina', '29505', 'business'),
(506, 'Dennis Rodriguez', '67857 Weeping Birch Hill', 'Gilbert', 'Arizona', '85297', 'business'),
(507, 'Jane Armstrong', '08991 Novick Drive', 'Los Angeles', 'California', '90010', 'home'),
(508, 'Anne Martinez', '3045 Golf Course Hill', 'North Las Vegas', 'Nevada', '89087', 'home'),
(509, 'Lisa Mendoza', '2 Golf View Road', 'Albany', 'New York', '12210', 'business'),
(510, 'Robin Hart', '510 Cascade Way', 'Saint Louis', 'Missouri', '63196', 'home'),
(511, 'Marie Rodriguez', '9258 Aberg Hill', 'Northridge', 'California', '91328', 'business'),
(512, 'Tina Peters', '46857 Fordem Place', 'Raleigh', 'North Carolina', '27605', 'business'),
(513, 'Cynthia Banks', '0618 Forest Pass', 'Battle Creek', 'Michigan', '49018', 'business'),
(514, 'Heather Hernandez', '84 Fuller Trail', 'Washington', 'District of Columbia', '20016', 'business'),
(515, 'Roy Perkins', '9 Nancy Avenue', 'Tampa', 'Florida', '33633', 'home'),
(516, 'Samuel Black', '511 Clove Way', 'Boston', 'Massachusetts', '2124', 'business'),
(517, 'Arthur Sims', '669 Summer Ridge Terrace', 'Houston', 'Texas', '77040', 'business'),
(518, 'Sandra Rivera', '3 Montana Crossing', 'New York City', 'New York', '10009', 'business'),
(519, 'Brenda Little', '4 Dovetail Hill', 'Denver', 'Colorado', '80279', 'home'),
(520, 'Denise Freeman', '7 Oakridge Trail', 'Baltimore', 'Maryland', '21282', 'home'),
(521, 'Judith Watkins', '57 Pearson Junction', 'Detroit', 'Michigan', '48224', 'business'),
(522, 'Irene Hayes', '33 Briar Crest Point', 'Green Bay', 'Wisconsin', '54305', 'home'),
(523, 'Donna Robinson', '607 Southridge Road', 'Minneapolis', 'Minnesota', '55428', 'home'),
(524, 'Julie Fernandez', '3412 Mariners Cove Plaza', 'Memphis', 'Tennessee', '38181', 'business'),
(525, 'Philip Long', '9 Crescent Oaks Pass', 'Washington', 'District of Columbia', '20057', 'business'),
(526, 'Jimmy Thompson', '4276 Weeping Birch Center', 'Cleveland', 'Ohio', '44118', 'business'),
(527, 'Cheryl King', '61652 Harper Junction', 'Minneapolis', 'Minnesota', '55436', 'home'),
(528, 'Roger Scott', '567 Arapahoe Point', 'Denver', 'Colorado', '80270', 'business'),
(529, 'Steve Larson', '9097 Ludington Road', 'Aiken', 'South Carolina', '29805', 'home'),
(530, 'Roger Gutierrez', '96128 Eagle Crest Park', 'Knoxville', 'Tennessee', '37919', 'home'),
(531, 'Samuel Fuller', '5676 Green Terrace', 'Fort Wayne', 'Indiana', '46896', 'business'),
(532, 'Diana Holmes', '15 Prentice Point', 'Washington', 'District of Columbia', '20041', 'home'),
(533, 'Bobby Foster', '24139 Helena Junction', 'Panama City', 'Florida', '32405', 'business'),
(534, 'Eugene Sanders', '16 Hermina Street', 'Boise', 'Idaho', '83732', 'business'),
(535, 'Sarah Bishop', '94784 Burning Wood Road', 'Fort Worth', 'Texas', '76105', 'home'),
(536, 'Mark Ryan', '8 Melrose Plaza', 'Cedar Rapids', 'Iowa', '52405', 'business'),
(537, 'Samuel Vasquez', '11 Almo Center', 'Tyler', 'Texas', '75705', 'business'),
(538, 'James Fuller', '5559 Morningstar Terrace', 'Plano', 'Texas', '75074', 'business'),
(539, 'Heather Hansen', '37700 Fairview Drive', 'Charlotte', 'North Carolina', '28247', 'home'),
(540, 'Jason Harrison', '0 Toban Court', 'Seattle', 'Washington', '98104', 'business'),
(541, 'Ernest Cunningham', '9875 Lighthouse Bay Park', 'Scranton', 'Pennsylvania', '18505', 'business'),
(542, 'Alice Fisher', '8 Jenifer Avenue', 'Largo', 'Florida', '34643', 'business'),
(543, 'Sandra Knight', '58 Fairfield Place', 'Montgomery', 'Alabama', '36109', 'home'),
(544, 'Russell Ferguson', '717 Melrose Place', 'San Rafael', 'California', '94913', 'home'),
(545, 'Arthur Olson', '107 Riverside Hill', 'Clearwater', 'Florida', '33758', 'business'),
(546, 'Kimberly Flores', '360 David Street', 'Charleston', 'West Virginia', '25356', 'home'),
(547, 'Louise Hart', '694 Huxley Place', 'Dulles', 'Virginia', '20189', 'business'),
(548, 'Kelly Harrison', '1 Ramsey Drive', 'Raleigh', 'North Carolina', '27626', 'home'),
(549, 'Paula Washington', '41 Fordem Drive', 'Saginaw', 'Michigan', '48609', 'business'),
(550, 'Ernest Ford', '8 Crownhardt Parkway', 'Washington', 'District of Columbia', '20041', 'business'),
(551, 'Gregory Watkins', '47695 Novick Terrace', 'Pittsburgh', 'Pennsylvania', '15215', 'business'),
(552, 'Gloria Patterson', '02 Miller Junction', 'Detroit', 'Michigan', '48242', 'home'),
(553, 'Shawn James', '536 Warner Center', 'Wichita', 'Kansas', '67205', 'home'),
(554, 'Willie Miller', '6 Bay Court', 'Dayton', 'Ohio', '45490', 'business'),
(555, 'Julia Gomez', '1 Ludington Parkway', 'Los Angeles', 'California', '90055', 'business'),
(556, 'Sandra Kelley', '25394 Tomscot Circle', 'Modesto', 'California', '95354', 'home'),
(557, 'Donald Diaz', '6 Bluejay Court', 'Long Beach', 'California', '90810', 'business'),
(558, 'Paul Williams', '99 Debs Parkway', 'Charlotte', 'North Carolina', '28272', 'business'),
(559, 'Thomas Stanley', '76 Onsgard Junction', 'El Paso', 'Texas', '88519', 'business'),
(560, 'Shawn Kennedy', '02354 Everett Way', 'Washington', 'District of Columbia', '56944', 'business'),
(561, 'Shirley Perry', '152 Sunfield Court', 'Carson City', 'Nevada', '89706', 'home'),
(562, 'Sean Crawford', '3992 Cordelia Street', 'Washington', 'District of Columbia', '20088', 'business'),
(563, 'Aaron Johnston', '5878 Rockefeller Avenue', 'Pasadena', 'California', '91109', 'home'),
(564, 'Patricia Thomas', '80861 Pawling Park', 'Corona', 'California', '92883', 'business'),
(565, 'Patricia Taylor', '37 High Crossing Drive', 'Cleveland', 'Ohio', '44177', 'business'),
(566, 'Edward Carroll', '86527 Loeprich Road', 'Houston', 'Texas', '77005', 'business'),
(567, 'Adam Myers', '7843 Gulseth Drive', 'Tucson', 'Arizona', '85732', 'home');
INSERT INTO `Customer` (`id`, `name`, `street`, `city`, `state`, `zip_code`, `kind`) VALUES
(568, 'Jane Jacobs', '74 Bowman Plaza', 'Dallas', 'Texas', '75226', 'home'),
(569, 'Russell Stephens', '167 Thompson Court', 'Houston', 'Texas', '77240', 'home'),
(570, 'Stephanie Howell', '77 Lunder Junction', 'Jacksonville', 'Florida', '32230', 'home'),
(571, 'Helen Weaver', '929 Truax Circle', 'Brooklyn', 'New York', '11210', 'home'),
(572, 'Fred Gardner', '35 Park Meadow Park', 'Bloomington', 'Indiana', '47405', 'home'),
(573, 'Norma Armstrong', '7 Meadow Vale Street', 'Syracuse', 'New York', '13224', 'business'),
(574, 'Alice Rivera', '56 Browning Alley', 'Houston', 'Texas', '77050', 'business'),
(575, 'Ann Richards', '37 Sunnyside Court', 'New York City', 'New York', '10280', 'business'),
(576, 'Maria Snyder', '6052 Nevada Court', 'Oxnard', 'California', '93034', 'home'),
(577, 'Tina Chapman', '581 Sage Circle', 'Gainesville', 'Florida', '32605', 'home'),
(578, 'Marilyn White', '04 2nd Circle', 'Los Angeles', 'California', '90087', 'business'),
(579, 'Brenda Harris', '48 Nelson Pass', 'Tulsa', 'Oklahoma', '74149', 'business'),
(580, 'Anna Gordon', '4 Claremont Drive', 'Louisville', 'Kentucky', '40225', 'business'),
(581, 'Brian Perkins', '7 West Crossing', 'Phoenix', 'Arizona', '85010', 'home'),
(582, 'Bonnie Larson', '12136 Northport Terrace', 'Chesapeake', 'Virginia', '23324', 'business'),
(583, 'Robin Matthews', '4 Talisman Road', 'Tyler', 'Texas', '75710', 'home'),
(584, 'Jeffrey Medina', '01 Nevada Pass', 'Charleston', 'West Virginia', '25389', 'business'),
(585, 'Phillip Simmons', '7 Monument Plaza', 'Detroit', 'Michigan', '48258', 'home'),
(586, 'Antonio Meyer', '9 Old Shore Junction', 'Chesapeake', 'Virginia', '23324', 'home'),
(587, 'Dennis Moreno', '61440 Jenna Alley', 'Des Moines', 'Iowa', '50936', 'home'),
(588, 'Lois Cooper', '71 Armistice Pass', 'Beaumont', 'Texas', '77713', 'home'),
(589, 'Christine Gordon', '9 Randy Lane', 'Orlando', 'Florida', '32825', 'business'),
(590, 'Billy Harris', '5190 Hintze Avenue', 'Boise', 'Idaho', '83711', 'home'),
(591, 'Joyce Stone', '5014 Emmet Place', 'Schenectady', 'New York', '12325', 'home'),
(592, 'Ashley Ortiz', '8225 Kedzie Alley', 'Washington', 'District of Columbia', '20575', 'business'),
(593, 'Louise Johnson', '46098 Paget Point', 'San Jose', 'California', '95160', 'business'),
(594, 'Jennifer Gonzales', '588 Becker Terrace', 'Bronx', 'New York', '10469', 'home'),
(595, 'Ralph Ellis', '1981 Canary Drive', 'Gulfport', 'Mississippi', '39505', 'home'),
(596, 'Catherine Day', '573 Butternut Avenue', 'Cleveland', 'Ohio', '44118', 'business'),
(597, 'Albert Mcdonald', '624 Manitowish Crossing', 'Columbus', 'Ohio', '43268', 'business'),
(598, 'Debra Chapman', '6 Mayer Pass', 'Washington', 'District of Columbia', '20310', 'business'),
(599, 'Ruth Graham', '30 Bartelt Pass', 'Mobile', 'Alabama', '36689', 'home'),
(600, 'Diane Powell', '57819 Buell Way', 'Houston', 'Texas', '77288', 'home'),
(601, 'Mark Ross', '834 Pond Drive', 'Valdosta', 'Georgia', '31605', 'business'),
(602, 'Peter Lane', '3 Warrior Court', 'El Paso', 'Texas', '79916', 'home'),
(603, 'Kenneth Martinez', '961 Elka Plaza', 'Richmond', 'Virginia', '23285', 'home'),
(604, 'Frank Sullivan', '1401 Golden Leaf Crossing', 'Yonkers', 'New York', '10705', 'home'),
(605, 'Earl Alexander', '8164 Hayes Lane', 'Fairfield', 'Connecticut', '6825', 'home'),
(606, 'Diana Adams', '91956 Hooker Park', 'Phoenix', 'Arizona', '85053', 'home'),
(607, 'Linda Peterson', '18 Village Green Center', 'Kansas City', 'Kansas', '66112', 'home'),
(608, 'Johnny Morris', '8 Forster Avenue', 'Dallas', 'Texas', '75342', 'business'),
(609, 'Stephen Tucker', '3 Maple Center', 'Colorado Springs', 'Colorado', '80910', 'business'),
(610, 'Kelly Ford', '1 Mandrake Park', 'New York City', 'New York', '10115', 'home'),
(611, 'Margaret Weaver', '365 Meadow Vale Road', 'Naples', 'Florida', '33961', 'home'),
(612, 'Angela Jenkins', '40294 Maywood Trail', 'Minneapolis', 'Minnesota', '55487', 'home'),
(613, 'Anne Perez', '44265 Brentwood Alley', 'Midland', 'Texas', '79705', 'business'),
(614, 'Russell Gonzales', '0 Kings Street', 'Valley Forge', 'Pennsylvania', '19495', 'home'),
(615, 'Maria Frazier', '75562 Doe Crossing Center', 'Arlington', 'Virginia', '22234', 'business'),
(616, 'Melissa Hall', '7248 Lerdahl Avenue', 'Corona', 'California', '92883', 'business'),
(617, 'Jean Rodriguez', '209 Hintze Terrace', 'Albuquerque', 'New Mexico', '87110', 'home'),
(618, 'Gary Jones', '47138 Hudson Crossing', 'Iowa City', 'Iowa', '52245', 'business'),
(619, 'Richard Anderson', '9 Tony Court', 'Evansville', 'Indiana', '47719', 'business'),
(620, 'Bonnie Romero', '0 Green Center', 'Chattanooga', 'Tennessee', '37416', 'home'),
(621, 'Chris West', '8600 Crescent Oaks Court', 'Levittown', 'Pennsylvania', '19058', 'home'),
(622, 'Chris Garza', '52 Lawn Way', 'Fort Lauderdale', 'Florida', '33325', 'home'),
(623, 'Jean Williamson', '529 Blue Bill Park Junction', 'Atlanta', 'Georgia', '30343', 'business'),
(624, 'Jeremy Sanchez', '26489 Starling Terrace', 'Escondido', 'California', '92030', 'home'),
(625, 'Donald Robertson', '35189 Norway Maple Drive', 'Saint Paul', 'Minnesota', '55114', 'home'),
(626, 'Louis White', '6 Coolidge Pass', 'El Paso', 'Texas', '88514', 'home'),
(627, 'Jesse West', '5 Montana Circle', 'Erie', 'Pennsylvania', '16522', 'business'),
(628, 'Robin Gordon', '446 Loeprich Parkway', 'Prescott', 'Arizona', '86305', 'home'),
(629, 'Bonnie Austin', '9 Lillian Hill', 'Little Rock', 'Arkansas', '72204', 'home'),
(630, 'Charles Williamson', '843 Memorial Lane', 'Orange', 'California', '92668', 'business'),
(631, 'Jack Cunningham', '06 Gale Circle', 'Washington', 'District of Columbia', '20436', 'home'),
(632, 'Lawrence Morrison', '632 Shelley Court', 'Scranton', 'Pennsylvania', '18505', 'business'),
(633, 'Victor Woods', '02850 Harper Alley', 'Seattle', 'Washington', '98195', 'business'),
(634, 'Albert Jackson', '60 Monterey Pass', 'Detroit', 'Michigan', '48217', 'home'),
(635, 'Ruth Greene', '63 Bellgrove Park', 'Cleveland', 'Ohio', '44130', 'home'),
(636, 'Patricia Hunter', '0453 Fuller Terrace', 'Detroit', 'Michigan', '48258', 'home'),
(637, 'Betty Williamson', '75686 Anthes Avenue', 'Phoenix', 'Arizona', '85067', 'business'),
(638, 'Stephen Brown', '49 Judy Hill', 'Austin', 'Texas', '78744', 'home'),
(639, 'Wanda Bailey', '0944 Judy Circle', 'Harrisburg', 'Pennsylvania', '17140', 'home'),
(640, 'Mark Mills', '4 Sycamore Terrace', 'Omaha', 'Nebraska', '68144', 'business'),
(641, 'Jerry Edwards', '5054 Grasskamp Park', 'Oklahoma City', 'Oklahoma', '73197', 'business'),
(642, 'Margaret Jones', '6939 Melrose Park', 'Eugene', 'Oregon', '97405', 'business'),
(643, 'Julie Hawkins', '015 Carpenter Point', 'Chicago', 'Illinois', '60630', 'business'),
(644, 'Louis Morrison', '74038 Westridge Hill', 'Richmond', 'Virginia', '23260', 'home'),
(645, 'Denise Bryant', '616 Stuart Point', 'New York City', 'New York', '10014', 'business'),
(646, 'Jeremy Russell', '17 Green Park', 'Sacramento', 'California', '94297', 'business'),
(647, 'Justin Kelley', '7 Old Shore Alley', 'Fort Worth', 'Texas', '76198', 'home'),
(648, 'Kenneth Cooper', '86 Mifflin Plaza', 'Houston', 'Texas', '77005', 'business'),
(649, 'Sara Taylor', '19 Utah Alley', 'Toledo', 'Ohio', '43605', 'home'),
(650, 'Martha Mills', '82 Lighthouse Bay Lane', 'Pasadena', 'California', '91125', 'home'),
(651, 'Wanda Brown', '63 Dawn Hill', 'New York City', 'New York', '10014', 'business'),
(652, 'Antonio Frazier', '4713 Transport Circle', 'Sacramento', 'California', '94207', 'business'),
(653, 'Joyce Knight', '1786 Warbler Center', 'Farmington', 'Michigan', '48335', 'home'),
(654, 'Amanda Mills', '4192 Katie Circle', 'Miami', 'Florida', '33134', 'business'),
(655, 'Paul Wagner', '67021 Dayton Circle', 'San Bernardino', 'California', '92410', 'home'),
(656, 'Margaret Hansen', '88 Village Green Place', 'Phoenix', 'Arizona', '85025', 'business'),
(657, 'Shirley Kelly', '00 Glendale Crossing', 'Washington', 'District of Columbia', '20456', 'business'),
(658, 'Jason Wilson', '44486 Harbort Avenue', 'Los Angeles', 'California', '90094', 'home'),
(659, 'Stephanie Jordan', '32882 Stephen Lane', 'Topeka', 'Kansas', '66611', 'business'),
(660, 'Sean Evans', '83 Leroy Alley', 'Sacramento', 'California', '94286', 'business'),
(661, 'Todd Gardner', '632 Stuart Lane', 'Anchorage', 'Alaska', '99507', 'business'),
(662, 'Gary Hernandez', '41 Bonner Circle', 'Madison', 'Wisconsin', '53790', 'business'),
(663, 'Marie Jacobs', '7 Browning Crossing', 'Hicksville', 'New York', '11854', 'business'),
(664, 'Louise Morris', '69 Gale Crossing', 'Hialeah', 'Florida', '33013', 'business'),
(665, 'Nicholas Hunt', '57 Oakridge Parkway', 'Austin', 'Texas', '78783', 'business'),
(666, 'Joseph Sullivan', '54632 Bartelt Lane', 'Fresno', 'California', '93773', 'business'),
(667, 'Mark Gordon', '63 Division Hill', 'Amarillo', 'Texas', '79105', 'home'),
(668, 'Anne Perry', '3229 Service Terrace', 'San Diego', 'California', '92127', 'home'),
(669, 'Anna Russell', '8 Gerald Park', 'Baltimore', 'Maryland', '21203', 'home'),
(670, 'Albert Garrett', '4 Annamark Crossing', 'Erie', 'Pennsylvania', '16550', 'home'),
(671, 'Charles Mendoza', '14 Elmside Circle', 'Cheyenne', 'Wyoming', '82007', 'business'),
(672, 'Deborah Castillo', '41 Northwestern Court', 'Tacoma', 'Washington', '98405', 'business'),
(673, 'Jack Cook', '4448 Blackbird Park', 'Denver', 'Colorado', '80279', 'business'),
(674, 'Michael Freeman', '50391 Tomscot Trail', 'Daytona Beach', 'Florida', '32118', 'home'),
(675, 'Douglas Garza', '7 Tomscot Circle', 'Pittsburgh', 'Pennsylvania', '15274', 'home'),
(676, 'Robin Moore', '66781 Manitowish Street', 'White Plains', 'New York', '10633', 'home'),
(677, 'Robin Watkins', '3696 Surrey Circle', 'Arlington', 'Virginia', '22205', 'business'),
(678, 'Chris Rodriguez', '11257 Waywood Alley', 'Rochester', 'New York', '14683', 'business'),
(679, 'Patricia Dunn', '8361 Nobel Terrace', 'Hamilton', 'Ohio', '45020', 'business'),
(680, 'Andrew Allen', '1911 Chive Drive', 'New York City', 'New York', '10184', 'business'),
(681, 'Tina Morgan', '9 Iowa Street', 'Memphis', 'Tennessee', '38161', 'business'),
(682, 'Adam Pierce', '43 1st Way', 'Akron', 'Ohio', '44315', 'home'),
(683, 'Joseph Mendoza', '60 Steensland Way', 'Winston Salem', 'North Carolina', '27105', 'business'),
(684, 'Russell Moore', '38584 Mcbride Hill', 'Whittier', 'California', '90610', 'business'),
(685, 'Alice King', '73 Morning Center', 'Harrisburg', 'Pennsylvania', '17126', 'business'),
(686, 'Ann Riley', '200 Kropf Terrace', 'Birmingham', 'Alabama', '35210', 'home'),
(687, 'Sharon Watson', '1618 Farwell Pass', 'Pasadena', 'California', '91199', 'home'),
(688, 'Daniel Stanley', '94 Gerald Way', 'Kent', 'Washington', '98042', 'home'),
(689, 'Bruce Lopez', '55 Karstens Parkway', 'Chicago', 'Illinois', '60663', 'business'),
(690, 'Walter Hart', '949 Fisk Point', 'Kansas City', 'Missouri', '64130', 'business'),
(691, 'Teresa Larson', '5 Raven Way', 'Fresno', 'California', '93740', 'business'),
(692, 'Keith Wright', '46 Namekagon Road', 'Ogden', 'Utah', '84409', 'home'),
(693, 'Tammy Willis', '84432 Bashford Parkway', 'Warren', 'Michigan', '48092', 'home'),
(694, 'Samuel Carter', '01 Chive Junction', 'Temple', 'Texas', '76505', 'home'),
(695, 'Brandon Garcia', '5579 Stone Corner Way', 'Omaha', 'Nebraska', '68144', 'home'),
(696, 'Sarah Peterson', '23 Clove Junction', 'Duluth', 'Minnesota', '55805', 'business'),
(697, 'Anna Daniels', '9 Eggendart Avenue', 'Washington', 'District of Columbia', '20073', 'business'),
(698, 'Roger Frazier', '14685 Raven Lane', 'Flint', 'Michigan', '48555', 'business'),
(699, 'Keith Hawkins', '08 Mockingbird Crossing', 'Daytona Beach', 'Florida', '32118', 'business'),
(700, 'Martha Stewart', '1 Prentice Circle', 'Richmond', 'Virginia', '23220', 'home'),
(701, 'Nicole Lewis', '51249 Springview Drive', 'Nashville', 'Tennessee', '37220', 'home'),
(702, 'Eric Myers', '8 Russell Crossing', 'Richmond', 'Virginia', '23242', 'business'),
(703, 'Ernest Bowman', '846 Lien Crossing', 'Flint', 'Michigan', '48550', 'home'),
(704, 'Billy Diaz', '61 Vermont Way', 'Farmington', 'Michigan', '48335', 'home'),
(705, 'Gregory Hayes', '03 Starling Drive', 'Washington', 'District of Columbia', '20540', 'business'),
(706, 'Joseph Alexander', '4883 Maywood Lane', 'New York City', 'New York', '10029', 'business'),
(707, 'Deborah Scott', '99529 Lerdahl Terrace', 'Pittsburgh', 'Pennsylvania', '15235', 'home'),
(708, 'Ryan Burton', '776 Hallows Crossing', 'Punta Gorda', 'Florida', '33982', 'home'),
(709, 'Eric Bell', '38 Oak Valley Street', 'Honolulu', 'Hawaii', '96850', 'business'),
(710, 'Sara Frazier', '10 Hooker Center', 'Chicago', 'Illinois', '60604', 'business'),
(711, 'Michael Murphy', '63 Summit Way', 'Melbourne', 'Florida', '32919', 'home'),
(712, 'Pamela West', '6840 Mallard Drive', 'Flushing', 'New York', '11388', 'home'),
(713, 'Andrew Rivera', '5 Shoshone Alley', 'Plano', 'Texas', '75074', 'business'),
(714, 'Ruth Gilbert', '90076 Hayes Lane', 'Oklahoma City', 'Oklahoma', '73142', 'home'),
(715, 'Peter Gray', '63251 Ruskin Crossing', 'Shreveport', 'Louisiana', '71161', 'home'),
(716, 'Clarence Warren', '37 Saint Paul Circle', 'Camden', 'New Jersey', '8104', 'business'),
(717, 'Bobby Garcia', '5 Wayridge Circle', 'Indianapolis', 'Indiana', '46216', 'home'),
(718, 'Roger Wagner', '057 Bultman Park', 'Alhambra', 'California', '91841', 'business'),
(719, 'Anne Barnes', '9500 1st Junction', 'Santa Clara', 'California', '95054', 'home'),
(720, 'Daniel Young', '48 Del Sol Center', 'Pueblo', 'Colorado', '81010', 'business'),
(721, 'Jeffrey Fernandez', '9782 Pearson Circle', 'Detroit', 'Michigan', '48258', 'home'),
(722, 'Amy Hill', '6428 Village Lane', 'Littleton', 'Colorado', '80126', 'business'),
(723, 'Benjamin Chapman', '45500 Mesta Court', 'Mc Keesport', 'Pennsylvania', '15134', 'business'),
(724, 'Irene Johnson', '9906 Alpine Pass', 'Savannah', 'Georgia', '31410', 'home'),
(725, 'Kimberly Scott', '0 Glendale Road', 'Des Moines', 'Iowa', '50315', 'home'),
(726, 'Albert Stephens', '87359 Hudson Drive', 'Austin', 'Texas', '78721', 'home'),
(727, 'Joe Ross', '2378 Donald Center', 'Boston', 'Massachusetts', '2298', 'business'),
(728, 'Wayne Griffin', '31290 Montana Place', 'Sacramento', 'California', '94263', 'home'),
(729, 'Steven Shaw', '695 Grim Trail', 'Dallas', 'Texas', '75392', 'home'),
(730, 'Kathy Little', '83236 Beilfuss Parkway', 'Stamford', 'Connecticut', '6912', 'business'),
(731, 'Kenneth Lawson', '501 Crownhardt Lane', 'Jacksonville', 'Florida', '32220', 'business'),
(732, 'Jonathan Shaw', '43 Thompson Point', 'Richmond', 'Virginia', '23272', 'business'),
(733, 'Aaron Boyd', '460 Southridge Alley', 'Hollywood', 'Florida', '33023', 'home'),
(734, 'Lillian Gardner', '56 Ridge Oak Circle', 'Washington', 'District of Columbia', '20010', 'home'),
(735, 'Kathryn Larson', '7 Ridgeway Way', 'Gainesville', 'Georgia', '30506', 'home'),
(736, 'Russell Gordon', '2 Eliot Parkway', 'Chicago', 'Illinois', '60669', 'business'),
(737, 'Jane Ford', '0787 Clarendon Lane', 'Mobile', 'Alabama', '36641', 'business'),
(738, 'Kathryn Scott', '88 Hermina Avenue', 'El Paso', 'Texas', '79955', 'business'),
(739, 'Paula Butler', '2923 Independence Crossing', 'Houston', 'Texas', '77040', 'home'),
(740, 'Ryan Gonzalez', '8 Quincy Drive', 'Cincinnati', 'Ohio', '45264', 'business'),
(741, 'Louis Gilbert', '45 Petterle Junction', 'Baltimore', 'Maryland', '21229', 'business'),
(742, 'Julie Anderson', '8833 Roxbury Pass', 'New York City', 'New York', '10004', 'business'),
(743, 'Jacqueline Mitchell', '3059 Rutledge Park', 'Dallas', 'Texas', '75205', 'business'),
(744, 'Joe Hill', '65804 Burning Wood Junction', 'Springfield', 'Missouri', '65805', 'home'),
(745, 'Nicole Nichols', '6491 Amoth Road', 'Tempe', 'Arizona', '85284', 'business'),
(746, 'Jack Burton', '7187 Chinook Junction', 'Saint Paul', 'Minnesota', '55127', 'home'),
(747, 'Paul Burke', '841 Canary Avenue', 'Austin', 'Texas', '78764', 'business'),
(748, 'Denise Campbell', '738 Service Park', 'Louisville', 'Kentucky', '40280', 'business'),
(749, 'Jonathan Garza', '8 Meadow Valley Court', 'Norfolk', 'Virginia', '23504', 'business'),
(750, 'Wayne Collins', '2 Jana Point', 'Arlington', 'Texas', '76011', 'business'),
(751, 'Billy Williamson', '36 Sutteridge Park', 'Lakeland', 'Florida', '33805', 'business'),
(752, 'Alice Phillips', '162 Hintze Terrace', 'Dulles', 'Virginia', '20189', 'business'),
(753, 'Timothy Hall', '34967 Grover Pass', 'Trenton', 'New Jersey', '8603', 'home'),
(754, 'Rose Thomas', '3658 Reinke Lane', 'Naples', 'Florida', '34102', 'home'),
(755, 'Gerald Chapman', '0 Texas Road', 'Seattle', 'Washington', '98166', 'business'),
(756, 'Cheryl Hunt', '93 Kipling Way', 'Washington', 'District of Columbia', '20442', 'home'),
(757, 'Alice Gutierrez', '1923 Mayer Circle', 'Washington', 'District of Columbia', '20520', 'home'),
(758, 'Emily Washington', '09567 Carey Road', 'Buffalo', 'New York', '14210', 'home'),
(759, 'Harold Bailey', '7080 Scoville Trail', 'Montgomery', 'Alabama', '36104', 'home'),
(760, 'Raymond Brown', '2 Mifflin Lane', 'Houston', 'Texas', '77206', 'home'),
(761, 'Samuel Ryan', '5 Dawn Court', 'Pocatello', 'Idaho', '83206', 'business'),
(762, 'Charles Rivera', '759 Claremont Street', 'Springfield', 'Massachusetts', '1129', 'business'),
(763, 'Judy Kelley', '04076 Birchwood Center', 'Durham', 'North Carolina', '27710', 'business'),
(764, 'Steve Johnson', '35734 Lakewood Gardens Point', 'Grand Rapids', 'Michigan', '49560', 'business'),
(765, 'Lois Mitchell', '09 Vahlen Crossing', 'Shawnee Mission', 'Kansas', '66215', 'home'),
(766, 'Barbara Hart', '5336 Lakewood Trail', 'Huntsville', 'Alabama', '35805', 'business'),
(767, 'Steve Gardner', '9401 Lake View Junction', 'Anniston', 'Alabama', '36205', 'business'),
(768, 'Harry Bennett', '9 Butternut Lane', 'Evansville', 'Indiana', '47719', 'home'),
(769, 'Christine Gonzalez', '79817 Garrison Hill', 'Memphis', 'Tennessee', '38104', 'business'),
(770, 'Stephen Wilson', '86 Charing Cross Lane', 'Houston', 'Texas', '77055', 'business'),
(771, 'Jeffrey Stewart', '9 Shoshone Trail', 'Atlanta', 'Georgia', '31119', 'business'),
(772, 'Louis Robinson', '9 Mallard Pass', 'Charleston', 'West Virginia', '25389', 'business'),
(773, 'Chris George', '55 Fieldstone Court', 'Jamaica', 'New York', '11470', 'business'),
(774, 'Ruby Duncan', '3639 Esker Point', 'Littleton', 'Colorado', '80126', 'home'),
(775, 'Angela Patterson', '59975 Susan Parkway', 'Houston', 'Texas', '77025', 'home'),
(776, 'Timothy Castillo', '35836 Sycamore Junction', 'Fort Wayne', 'Indiana', '46862', 'business'),
(777, 'Lawrence Snyder', '1 Gina Junction', 'Pittsburgh', 'Pennsylvania', '15255', 'business'),
(778, 'Maria Kelley', '67 Pepper Wood Junction', 'Oklahoma City', 'Oklahoma', '73129', 'business'),
(779, 'Douglas Gutierrez', '75 Quincy Drive', 'Winter Haven', 'Florida', '33884', 'home'),
(780, 'Tina Austin', '2364 3rd Street', 'Lake Worth', 'Florida', '33462', 'business'),
(781, 'Mildred Fox', '2708 Mendota Circle', 'Vancouver', 'Washington', '98687', 'home'),
(782, 'Lori Reyes', '0 Main Place', 'Spring', 'Texas', '77388', 'home'),
(783, 'Tammy Miller', '7055 Hoard Avenue', 'Levittown', 'Pennsylvania', '19058', 'business'),
(784, 'Teresa Vasquez', '2885 Nevada Way', 'Madison', 'Wisconsin', '53705', 'business'),
(785, 'Ruby Cook', '5810 Lukken Center', 'Hot Springs National Park', 'Arkansas', '71914', 'business'),
(786, 'Jennifer Patterson', '083 Dovetail Street', 'Atlanta', 'Georgia', '31190', 'home'),
(787, 'Melissa Gibson', '32 Center Alley', 'Columbia', 'South Carolina', '29203', 'business'),
(788, 'Norma Pierce', '9128 8th Circle', 'Lakeland', 'Florida', '33805', 'business'),
(789, 'Marilyn Anderson', '653 North Trail', 'Nashville', 'Tennessee', '37220', 'home'),
(790, 'Harold Powell', '10 Blackbird Center', 'Grand Rapids', 'Michigan', '49544', 'home'),
(791, 'Amanda Reid', '4 Summerview Drive', 'Albany', 'New York', '12262', 'business'),
(792, 'Richard Green', '827 Dorton Plaza', 'Jefferson City', 'Missouri', '65105', 'home'),
(793, 'Kathy Parker', '70 Morningstar Court', 'Saint Louis', 'Missouri', '63150', 'home'),
(794, 'Martin Lewis', '9345 Hallows Way', 'Oklahoma City', 'Oklahoma', '73157', 'business'),
(795, 'Todd Simmons', '9108 Farmco Street', 'Mesa', 'Arizona', '85205', 'business'),
(796, 'Adam Washington', '27 Darwin Point', 'Huntington', 'West Virginia', '25775', 'home'),
(797, 'Carlos Coleman', '6382 Veith Avenue', 'Toledo', 'Ohio', '43699', 'business'),
(798, 'Deborah Ross', '3 Ramsey Way', 'Philadelphia', 'Pennsylvania', '19191', 'home'),
(799, 'Linda Schmidt', '152 Ryan Trail', 'Burbank', 'California', '91505', 'business'),
(800, 'Gregory Dunn', '9 Monterey Street', 'Baton Rouge', 'Louisiana', '70815', 'business'),
(801, 'Irene Foster', '98920 Esch Lane', 'Fresno', 'California', '93762', 'home'),
(802, 'Linda Johnston', '3 Tony Trail', 'El Paso', 'Texas', '88579', 'business'),
(803, 'Deborah Morris', '120 Darwin Parkway', 'New Orleans', 'Louisiana', '70116', 'business'),
(804, 'Louise Brown', '9 Utah Parkway', 'Seattle', 'Washington', '98121', 'home'),
(805, 'Frances Dean', '67 Kingsford Drive', 'Spokane', 'Washington', '99252', 'home'),
(806, 'Louis Rogers', '90764 Charing Cross Hill', 'Las Vegas', 'Nevada', '89115', 'home'),
(807, 'Victor Morgan', '018 Charing Cross Terrace', 'Los Angeles', 'California', '90065', 'business'),
(808, 'William Sims', '19397 Jana Street', 'Tucson', 'Arizona', '85743', 'home'),
(809, 'Dorothy Rodriguez', '92 Maryland Pass', 'Colorado Springs', 'Colorado', '80945', 'home'),
(810, 'Raymond Garrett', '578 Summit Crossing', 'Detroit', 'Michigan', '48267', 'home'),
(811, 'Jeremy Bryant', '63 Roxbury Court', 'Hartford', 'Connecticut', '6145', 'home'),
(812, 'Betty Owens', '46 Schiller Park', 'Des Moines', 'Iowa', '50320', 'business'),
(813, 'Rose Wood', '2 Farmco Center', 'Miami', 'Florida', '33180', 'home'),
(814, 'Christina Fisher', '45 Warner Plaza', 'Chandler', 'Arizona', '85246', 'home'),
(815, 'Michelle Murphy', '6 Mcbride Hill', 'Grand Rapids', 'Michigan', '49505', 'home'),
(816, 'Lori Hill', '80 La Follette Alley', 'Austin', 'Texas', '78749', 'business'),
(817, 'Shirley Gonzales', '3440 Anzinger Way', 'Tempe', 'Arizona', '85284', 'business'),
(818, 'Adam Cruz', '76659 Oneill Drive', 'Cincinnati', 'Ohio', '45238', 'home'),
(819, 'Sandra Chapman', '21 Red Cloud Circle', 'Great Neck', 'New York', '11024', 'business'),
(820, 'Marilyn Robertson', '06152 Helena Place', 'Plano', 'Texas', '75074', 'home'),
(821, 'Harry Reid', '7 Division Junction', 'San Diego', 'California', '92186', 'home'),
(822, 'Elizabeth Gilbert', '429 Paget Trail', 'Houston', 'Texas', '77271', 'business'),
(823, 'Angela Gonzales', '4792 Boyd Lane', 'Bismarck', 'North Dakota', '58505', 'business'),
(824, 'Chris Austin', '0744 Carberry Terrace', 'Albany', 'New York', '12237', 'home'),
(825, 'Melissa Carroll', '068 Ludington Crossing', 'Orlando', 'Florida', '32808', 'business'),
(826, 'Janice Watson', '6969 Sage Way', 'El Paso', 'Texas', '88553', 'business'),
(827, 'Jeremy Cooper', '37665 Carberry Trail', 'Helena', 'Montana', '59623', 'business'),
(828, 'Joe Bowman', '9819 Briar Crest Junction', 'Washington', 'District of Columbia', '20078', 'business'),
(829, 'Rose Hernandez', '81 Pleasure Trail', 'Duluth', 'Georgia', '30195', 'business'),
(830, 'Carlos Robinson', '31 Reindahl Court', 'Atlanta', 'Georgia', '30356', 'business'),
(831, 'Gerald Harper', '2944 Talisman Plaza', 'Seattle', 'Washington', '98185', 'business'),
(832, 'Sara Henry', '79049 Milwaukee Junction', 'Southfield', 'Michigan', '48076', 'home'),
(833, 'Eugene Williamson', '5 Vermont Court', 'Reno', 'Nevada', '89550', 'home'),
(834, 'Lawrence Little', '7235 Shoshone Pass', 'Dayton', 'Ohio', '45419', 'business'),
(835, 'Christina Sanchez', '942 David Lane', 'Trenton', 'New Jersey', '8608', 'home'),
(836, 'Jacqueline Mason', '49493 Larry Junction', 'Springfield', 'Illinois', '62776', 'business'),
(837, 'Steve Matthews', '61339 Vidon Avenue', 'San Angelo', 'Texas', '76905', 'home'),
(838, 'Jacqueline Moreno', '027 Hintze Point', 'Flint', 'Michigan', '48555', 'business'),
(839, 'Kathryn Cole', '0972 Lake View Pass', 'Washington', 'District of Columbia', '20425', 'business'),
(840, 'Terry Roberts', '644 Brickson Park Center', 'Chattanooga', 'Tennessee', '37405', 'home'),
(841, 'Gary Washington', '135 Eagan Terrace', 'Dallas', 'Texas', '75342', 'home'),
(842, 'Scott Walker', '71 Brentwood Hill', 'Washington', 'District of Columbia', '56944', 'business'),
(843, 'Robin Hernandez', '7 Dayton Street', 'Long Beach', 'California', '90840', 'business'),
(844, 'Paul Perry', '28 Warner Hill', 'Pueblo', 'Colorado', '81015', 'home'),
(845, 'Tammy Chavez', '699 Forster Avenue', 'Santa Fe', 'New Mexico', '87592', 'business'),
(846, 'Denise Bennett', '620 Ramsey Hill', 'Burbank', 'California', '91505', 'business'),
(847, 'Kevin Butler', '8 Anthes Parkway', 'Dallas', 'Texas', '75392', 'home'),
(848, 'Donald Reynolds', '04 Lyons Junction', 'Wichita', 'Kansas', '67230', 'business'),
(849, 'Carolyn Fowler', '53184 Grover Drive', 'Greensboro', 'North Carolina', '27409', 'home'),
(850, 'Gerald Bowman', '091 Coolidge Trail', 'New Haven', 'Connecticut', '6533', 'home'),
(851, 'Shawn Phillips', '6729 Waxwing Hill', 'Tampa', 'Florida', '33647', 'business'),
(852, 'Janice West', '65 Blue Bill Park Court', 'Jacksonville', 'Florida', '32236', 'home'),
(853, 'Mary Weaver', '5030 Annamark Parkway', 'Washington', 'District of Columbia', '20244', 'business'),
(854, 'Anthony Morris', '7 Carioca Terrace', 'Chicago', 'Illinois', '60636', 'home'),
(855, 'Tina Rose', '78 Melby Lane', 'Houston', 'Texas', '77266', 'home'),
(856, 'Kathryn Jackson', '07 Rigney Point', 'Van Nuys', 'California', '91499', 'home'),
(857, 'Wayne Gomez', '69420 Bunting Place', 'Charlotte', 'North Carolina', '28220', 'business'),
(858, 'Karen Ray', '4463 Morning Road', 'Helena', 'Montana', '59623', 'business'),
(859, 'Lois Oliver', '3 Debs Junction', 'Ogden', 'Utah', '84403', 'home'),
(860, 'Teresa George', '39681 Banding Place', 'Pasadena', 'California', '91117', 'home'),
(861, 'Joseph Perry', '9292 Carberry Park', 'Washington', 'District of Columbia', '20041', 'business'),
(862, 'Joyce Thompson', '57 Green Ridge Center', 'Washington', 'District of Columbia', '20046', 'business'),
(863, 'Lawrence Ramos', '296 Scofield Road', 'Portland', 'Oregon', '97240', 'business'),
(864, 'Mildred Ray', '90168 Superior Plaza', 'Stamford', 'Connecticut', '6922', 'business'),
(865, 'Jeffrey Powell', '1377 Michigan Terrace', 'Seattle', 'Washington', '98158', 'business'),
(866, 'Andrew Burton', '8285 Delladonna Hill', 'Grand Rapids', 'Michigan', '49560', 'home'),
(867, 'Kathy Romero', '69637 Farragut Drive', 'Bronx', 'New York', '10454', 'business'),
(868, 'Cheryl Boyd', '24106 Killdeer Way', 'New Haven', 'Connecticut', '6538', 'business'),
(869, 'Phillip Torres', '23 Mcguire Pass', 'Denver', 'Colorado', '80204', 'business'),
(870, 'Stephanie Chapman', '825 Claremont Court', 'Topeka', 'Kansas', '66699', 'business'),
(871, 'Randy Grant', '7 1st Court', 'San Antonio', 'Texas', '78296', 'business'),
(872, 'Matthew Thompson', '6 Briar Crest Road', 'Pasadena', 'California', '91117', 'business'),
(873, 'Elizabeth Sanchez', '52 Northview Crossing', 'Jacksonville', 'Florida', '32244', 'home'),
(874, 'Chris Phillips', '2768 Golden Leaf Terrace', 'Topeka', 'Kansas', '66699', 'business'),
(875, 'Julie Bryant', '595 Barby Point', 'Anchorage', 'Alaska', '99599', 'home'),
(876, 'Doris Morales', '7 Summerview Court', 'Tampa', 'Florida', '33625', 'business'),
(877, 'Rachel Andrews', '691 Mayer Court', 'Los Angeles', 'California', '90010', 'home'),
(878, 'Andrea Castillo', '63670 Parkside Circle', 'Jeffersonville', 'Indiana', '47134', 'business'),
(879, 'Jose Price', '1787 Blue Bill Park Road', 'New Orleans', 'Louisiana', '70142', 'home'),
(880, 'Bruce Hawkins', '07002 Spenser Alley', 'Washington', 'District of Columbia', '20530', 'business'),
(881, 'Debra Gonzales', '94 Tomscot Court', 'Durham', 'North Carolina', '27705', 'business'),
(882, 'Jessica Payne', '51981 Delladonna Court', 'Concord', 'California', '94522', 'home'),
(883, 'Janice Perry', '17104 Cody Street', 'Sioux City', 'Iowa', '51105', 'home'),
(884, 'Stephanie Hill', '6 Karstens Drive', 'Phoenix', 'Arizona', '85077', 'business'),
(885, 'Jane Diaz', '85 Bartelt Terrace', 'Arlington', 'Texas', '76016', 'home'),
(886, 'Brenda James', '1 Nancy Alley', 'Baltimore', 'Maryland', '21282', 'home'),
(887, 'Angela Perry', '6 Sheridan Place', 'Pittsburgh', 'Pennsylvania', '15215', 'home'),
(888, 'Kenneth Gardner', '339 Memorial Center', 'Charleston', 'South Carolina', '29411', 'business'),
(889, 'Julia Duncan', '27908 Pond Street', 'Metairie', 'Louisiana', '70005', 'home'),
(890, 'Susan Armstrong', '27 Parkside Place', 'Springfield', 'Illinois', '62705', 'home'),
(891, 'Ann Lewis', '9 Waxwing Trail', 'Pueblo', 'Colorado', '81005', 'business'),
(892, 'Mildred Snyder', '8 Dahle Center', 'Charleston', 'South Carolina', '29424', 'home'),
(893, 'Michelle Burns', '0041 Lillian Drive', 'Northridge', 'California', '91328', 'business'),
(894, 'Maria Cole', '305 Oneill Circle', 'Arlington', 'Virginia', '22205', 'business'),
(895, 'Ronald Ferguson', '2286 Tomscot Drive', 'Spokane', 'Washington', '99205', 'home'),
(896, 'Linda Black', '4707 Grover Center', 'New York City', 'New York', '10155', 'home'),
(897, 'Christopher Perry', '4 Merrick Pass', 'Newton', 'Massachusetts', '2162', 'home'),
(898, 'Ryan Mcdonald', '15750 Arkansas Alley', 'Scottsdale', 'Arizona', '85260', 'home'),
(899, 'Rebecca Wallace', '682 High Crossing Parkway', 'Worcester', 'Massachusetts', '1610', 'home'),
(900, 'Michael Johnston', '551 Texas Lane', 'San Francisco', 'California', '94159', 'business'),
(901, 'Jean Gonzalez', '7462 Trailsway Circle', 'Spring', 'Texas', '77388', 'business'),
(902, 'Ruby Thomas', '1 Eagle Crest Circle', 'Los Angeles', 'California', '90020', 'home'),
(903, 'David Walker', '019 Sugar Point', 'Alexandria', 'Virginia', '22333', 'business'),
(904, 'Henry Gibson', '1563 Anthes Pass', 'Fort Worth', 'Texas', '76147', 'business'),
(905, 'William Lynch', '957 Marcy Crossing', 'Los Angeles', 'California', '90005', 'business'),
(906, 'Keith Ray', '252 Vera Park', 'Tyler', 'Texas', '75705', 'home'),
(907, 'Raymond Bradley', '18 Vermont Plaza', 'Littleton', 'Colorado', '80126', 'business'),
(908, 'Howard Parker', '14 Lillian Park', 'Savannah', 'Georgia', '31422', 'home'),
(909, 'Brian Kelley', '1 Oneill Court', 'Dayton', 'Ohio', '45454', 'home'),
(910, 'Louise Barnes', '191 Mesta Terrace', 'Boca Raton', 'Florida', '33432', 'business'),
(911, 'Lori Spencer', '167 Glacier Hill Street', 'Vancouver', 'Washington', '98664', 'home'),
(912, 'Larry Welch', '7 Colorado Plaza', 'Philadelphia', 'Pennsylvania', '19191', 'home'),
(913, 'Lillian Torres', '7 Bayside Circle', 'Indianapolis', 'Indiana', '46278', 'business'),
(914, 'James Martinez', '4 Butternut Way', 'Corpus Christi', 'Texas', '78405', 'home'),
(915, 'Elizabeth Simmons', '90997 Kingsford Junction', 'Oklahoma City', 'Oklahoma', '73157', 'home'),
(916, 'Judith Burns', '8 Pierstorff Street', 'Houston', 'Texas', '77085', 'business'),
(917, 'Bruce Castillo', '8 Algoma Pass', 'Albany', 'New York', '12247', 'home'),
(918, 'Norma Peters', '17 Homewood Lane', 'Lexington', 'Kentucky', '40591', 'business'),
(919, 'Steven Peterson', '47779 Prairieview Parkway', 'Charlotte', 'North Carolina', '28256', 'home'),
(920, 'Betty Gonzalez', '5786 Meadow Valley Pass', 'San Francisco', 'California', '94154', 'home'),
(921, 'Henry Oliver', '108 Crest Line Place', 'Washington', 'District of Columbia', '20580', 'business'),
(922, 'Frank Burns', '12 Old Gate Road', 'Hattiesburg', 'Mississippi', '39404', 'business'),
(923, 'Earl Brown', '0 Artisan Crossing', 'Beaverton', 'Oregon', '97075', 'home'),
(924, 'Carlos Carpenter', '0495 Bashford Parkway', 'El Paso', 'Texas', '88569', 'business'),
(925, 'Donna Little', '5 Warner Trail', 'Lansing', 'Michigan', '48901', 'home'),
(926, 'Denise Little', '17 Old Gate Drive', 'Scottsdale', 'Arizona', '85271', 'business'),
(927, 'Marilyn Davis', '90 Knutson Park', 'Lake Charles', 'Louisiana', '70607', 'home'),
(928, 'Jeffrey Butler', '241 Laurel Court', 'Philadelphia', 'Pennsylvania', '19109', 'business'),
(929, 'Ernest Ruiz', '7 Sundown Drive', 'Portland', 'Oregon', '97216', 'home'),
(930, 'Carolyn Castillo', '57871 Rieder Street', 'El Paso', 'Texas', '88514', 'home'),
(931, 'Nicholas Murphy', '457 Clyde Gallagher Trail', 'Atlanta', 'Georgia', '30311', 'home'),
(932, 'Peter Thompson', '664 Hermina Lane', 'Hagerstown', 'Maryland', '21747', 'home'),
(933, 'Judith Lee', '6904 Nelson Court', 'Houston', 'Texas', '77206', 'home'),
(934, 'Paul Wheeler', '94524 Armistice Way', 'Columbia', 'South Carolina', '29240', 'business'),
(935, 'Donald Harper', '0528 Nobel Terrace', 'Salem', 'Oregon', '97312', 'home'),
(936, 'Tammy Ryan', '61 Badeau Center', 'Brooklyn', 'New York', '11236', 'home'),
(937, 'Michael Long', '39 North Road', 'Mesquite', 'Texas', '75185', 'business'),
(938, 'Jessica Myers', '3 Morningstar Hill', 'Birmingham', 'Alabama', '35279', 'business'),
(939, 'Brandon Edwards', '6 Mockingbird Parkway', 'El Paso', 'Texas', '79999', 'business'),
(940, 'Rebecca Kim', '50763 Havey Hill', 'Brockton', 'Massachusetts', '2305', 'home'),
(941, 'Lori Chavez', '2 Helena Parkway', 'High Point', 'North Carolina', '27264', 'business'),
(942, 'Diana Gomez', '3101 Forest Circle', 'Meridian', 'Mississippi', '39305', 'home'),
(943, 'Jonathan Marshall', '0 Westridge Way', 'Billings', 'Montana', '59105', 'business'),
(944, 'Ashley Willis', '1 Scofield Junction', 'Saint Joseph', 'Missouri', '64504', 'business'),
(945, 'Jean Davis', '0 Dennis Place', 'Detroit', 'Michigan', '48206', 'home'),
(946, 'Wayne Howard', '772 Hoard Hill', 'Sacramento', 'California', '94207', 'home'),
(947, 'Barbara Little', '0 Di Loreto Lane', 'Miami', 'Florida', '33175', 'home'),
(948, 'William West', '7 Utah Terrace', 'Macon', 'Georgia', '31296', 'home'),
(949, 'Jason Arnold', '29 Toban Plaza', 'Charleston', 'South Carolina', '29416', 'home'),
(950, 'Carlos Scott', '120 Orin Plaza', 'Berkeley', 'California', '94712', 'home'),
(951, 'Steve White', '854 Hudson Terrace', 'Sacramento', 'California', '95818', 'home'),
(952, 'Lawrence Nichols', '10 Carioca Alley', 'Palo Alto', 'California', '94302', 'business'),
(953, 'Earl Turner', '57 Oak Center', 'New York City', 'New York', '10009', 'home'),
(954, 'Albert Howell', '02935 Arkansas Pass', 'Long Beach', 'California', '90840', 'home'),
(955, 'Ryan Romero', '41978 Pleasure Road', 'Denver', 'Colorado', '80243', 'business'),
(956, 'Donald Mendoza', '4 Express Way', 'Washington', 'District of Columbia', '20575', 'business'),
(957, 'Philip Stanley', '64691 Homewood Terrace', 'Silver Spring', 'Maryland', '20918', 'business'),
(958, 'Bruce Morgan', '3654 Twin Pines Court', 'Albany', 'New York', '12232', 'business'),
(959, 'Ruth Hernandez', '12 Florence Center', 'Santa Monica', 'California', '90405', 'business'),
(960, 'Donna Kelley', '6 Farmco Point', 'San Francisco', 'California', '94116', 'home'),
(961, 'Howard Ford', '0 Londonderry Court', 'Houston', 'Texas', '77055', 'home'),
(962, 'Bobby Henderson', '95741 Bay Pass', 'Pasadena', 'California', '91125', 'home'),
(963, 'Cheryl Long', '641 Straubel Terrace', 'Baton Rouge', 'Louisiana', '70820', 'home'),
(964, 'James Johnston', '9203 Basil Drive', 'Marietta', 'Georgia', '30061', 'home'),
(965, 'Maria Perez', '5529 Brentwood Way', 'Knoxville', 'Tennessee', '37924', 'business'),
(966, 'Willie Frazier', '1 Butternut Court', 'Albany', 'Georgia', '31704', 'home'),
(967, 'Christina Wright', '92 Lakewood Gardens Avenue', 'Charlotte', 'North Carolina', '28278', 'home'),
(968, 'Beverly Reynolds', '85103 Westridge Drive', 'Los Angeles', 'California', '90081', 'home'),
(969, 'Ronald Howard', '8 Ridgeway Pass', 'Arlington', 'Texas', '76016', 'business'),
(970, 'Ronald Kim', '7 Talmadge Crossing', 'Las Vegas', 'Nevada', '89135', 'business'),
(971, 'Joshua Fernandez', '57 Blaine Drive', 'El Paso', 'Texas', '88546', 'home'),
(972, 'James Harvey', '04316 Menomonie Circle', 'Missoula', 'Montana', '59806', 'home'),
(973, 'Andrew Sanders', '49 Myrtle Place', 'Richmond', 'Virginia', '23237', 'business'),
(974, 'Dennis Rodriguez', '4 Maple Wood Road', 'Atlanta', 'Georgia', '30301', 'home'),
(975, 'Earl Simpson', '73702 Moland Avenue', 'Portland', 'Oregon', '97221', 'business'),
(976, 'Maria Hunter', '05 Fieldstone Street', 'Durham', 'North Carolina', '27717', 'business'),
(977, 'Robert Gonzales', '6163 Kennedy Court', 'Charlotte', 'North Carolina', '28215', 'business'),
(978, 'Kathy Reyes', '8 Nobel Pass', 'Grand Rapids', 'Michigan', '49505', 'home'),
(979, 'Lawrence Berry', '844 Autumn Leaf Parkway', 'Flushing', 'New York', '11388', 'home'),
(980, 'Jonathan Shaw', '1044 Pierstorff Way', 'Des Moines', 'Iowa', '50335', 'home'),
(981, 'Kelly Gutierrez', '022 Esker Drive', 'Lexington', 'Kentucky', '40546', 'home'),
(982, 'Ashley Nelson', '78525 Delladonna Street', 'Fort Lauderdale', 'Florida', '33336', 'business'),
(983, 'Howard Murray', '96474 Scofield Pass', 'Birmingham', 'Alabama', '35279', 'business'),
(984, 'Marilyn Taylor', '4 Lakeland Point', 'South Bend', 'Indiana', '46614', 'business'),
(985, 'Maria Kelly', '9 Arrowood Parkway', 'Phoenix', 'Arizona', '85062', 'home'),
(986, 'Linda Fernandez', '4346 Division Plaza', 'Shawnee Mission', 'Kansas', '66276', 'home'),
(987, 'Paul Alvarez', '4525 Bultman Terrace', 'Evanston', 'Illinois', '60208', 'home'),
(988, 'Randy Little', '8628 Doe Crossing Alley', 'Newark', 'New Jersey', '7112', 'business'),
(989, 'Patricia Dixon', '654 Esker Crossing', 'Philadelphia', 'Pennsylvania', '19141', 'home'),
(990, 'Willie Morrison', '2 Mendota Lane', 'Warren', 'Ohio', '44485', 'home'),
(991, 'Billy Mendoza', '07979 Sunnyside Street', 'Buffalo', 'New York', '14233', 'business'),
(992, 'Frances Butler', '5 Onsgard Place', 'Pasadena', 'California', '91199', 'business'),
(993, 'Laura Black', '3 Forster Parkway', 'Naples', 'Florida', '33961', 'business'),
(994, 'Bruce Hill', '721 Northview Center', 'Topeka', 'Kansas', '66699', 'home'),
(995, 'Carolyn Hunter', '9 Loeprich Parkway', 'Boston', 'Massachusetts', '2216', 'business'),
(996, 'Shirley King', '691 Stang Plaza', 'Dallas', 'Texas', '75379', 'home'),
(997, 'Larry Hansen', '150 Commercial Point', 'Lexington', 'Kentucky', '40524', 'home'),
(998, 'Michelle Dean', '34357 Lyons Hill', 'Omaha', 'Nebraska', '68164', 'business'),
(999, 'Jennifer Reynolds', '12 Miller Alley', 'Charleston', 'West Virginia', '25356', 'home'),
(1000, 'Jack Kennedy', '993 Grover Circle', 'Hartford', 'Connecticut', '6183', 'home'),
(1001, 'Er Wang', '107 Morewood Ave', 'Pittsburgh', 'PA', '15213', 'home'),
(1002, 'Kaien Liao', '325 Sparh Street', 'Pittsburgh', 'PA', '15213', 'business'),
(1003, 'Juntao Gu', '107 Morewood AVe', 'Pittsburgh', 'PA', '152123', 'business'),
(1004, 'Juntao GU', '107 Morewood Ave', 'Pittsburgh', 'PA', '15213', 'business');

-- --------------------------------------------------------

--
-- Table structure for table `Employee`
--

DROP TABLE IF EXISTS `Employee`;
CREATE TABLE IF NOT EXISTS `Employee` (
`id` int(11) NOT NULL,
  `store_id` int(11) NOT NULL,
  `sales_id` int(11) NOT NULL,
  `job_title` varchar(64) NOT NULL,
  `salary` decimal(6,2) NOT NULL
) ENGINE=InnoDB AUTO_INCREMENT=101 DEFAULT CHARSET=latin1;

--
-- Dumping data for table `Employee`
--

INSERT INTO `Employee` (`id`, `store_id`, `sales_id`, `job_title`, `salary`) VALUES
(1, 13, 88, 'Manager', 4233.26),
(2, 24, 64, 'Manager', 4750.05),
(3, 23, 56, 'Sales', 3685.22),
(4, 4, 8, 'Manager', 2054.33),
(5, 16, 57, 'Manager', 2513.80),
(6, 32, 95, 'Manager', 1053.26),
(7, 11, 75, 'Sales', 4012.89),
(8, 9, 93, 'Manager', 1532.54),
(9, 33, 49, 'Support', 4527.45),
(10, 8, 23, 'Support', 1023.33),
(11, 19, 12, 'Manager', 3293.84),
(12, 25, 25, 'Manager', 1266.19),
(13, 8, 51, 'Support', 3646.93),
(14, 28, 79, 'Manager', 4919.45),
(15, 20, 89, 'Sales', 2014.27),
(16, 40, 78, 'Manager', 1723.38),
(17, 41, 67, 'Sales', 1710.43),
(18, 25, 66, 'Sales', 4522.67),
(19, 9, 82, 'Manager', 1603.67),
(20, 42, 32, 'Manager', 4392.60),
(21, 23, 16, 'Manager', 4825.60),
(22, 5, 3, 'Support', 2868.98),
(23, 30, 86, 'Manager', 4336.94),
(24, 30, 19, 'Sales', 1730.80),
(25, 23, 71, 'Manager', 4042.44),
(26, 49, 92, 'Sales', 2999.55),
(27, 28, 90, 'Support', 2927.49),
(28, 10, 17, 'Manager', 1779.77),
(29, 45, 39, 'Manager', 4245.59),
(30, 29, 9, 'Manager', 4114.58),
(31, 7, 43, 'Sales', 1961.22),
(32, 49, 30, 'Manager', 3860.65),
(33, 10, 85, 'Sales', 4603.29),
(34, 48, 26, 'Support', 4433.50),
(35, 37, 14, 'Manager', 4512.13),
(36, 17, 47, 'Support', 4310.22),
(37, 21, 69, 'Sales', 1086.50),
(38, 13, 94, 'Manager', 2250.58),
(39, 1, 31, 'Support', 2633.11),
(40, 30, 54, 'Manager', 2977.36),
(41, 15, 74, 'Sales', 2571.02),
(42, 28, 53, 'Manager', 4963.76),
(43, 32, 62, 'Support', 2136.97),
(44, 9, 83, 'Support', 1992.90),
(45, 6, 24, 'Manager', 4509.69),
(46, 33, 100, 'Manager', 3537.89),
(47, 21, 96, 'Sales', 1331.72),
(48, 45, 58, 'Manager', 1289.21),
(49, 40, 27, 'Manager', 3868.04),
(50, 49, 20, 'Support', 1167.38),
(51, 15, 28, 'Manager', 2250.80),
(52, 28, 87, 'Manager', 1246.38),
(53, 27, 52, 'Sales', 3120.62),
(54, 31, 5, 'Sales', 1439.64),
(55, 11, 65, 'Manager', 2664.64),
(56, 10, 21, 'Sales', 3836.82),
(57, 34, 33, 'Sales', 1655.53),
(58, 16, 15, 'Manager', 3974.58),
(59, 47, 72, 'Sales', 4242.79),
(60, 14, 68, 'Manager', 1585.93),
(61, 42, 55, 'Support', 2793.67),
(62, 8, 98, 'Manager', 3288.08),
(63, 4, 97, 'Sales', 1138.56),
(64, 50, 41, 'Manager', 2584.13),
(65, 12, 44, 'Manager', 2123.62),
(66, 31, 34, 'Support', 3173.24),
(67, 46, 81, 'Manager', 3195.25),
(68, 17, 59, 'Support', 3348.60),
(69, 4, 70, 'Manager', 2039.09),
(70, 3, 60, 'Support', 2965.10),
(71, 25, 38, 'Manager', 2425.84),
(72, 43, 1, 'Manager', 3135.40),
(73, 46, 4, 'Sales', 2451.32),
(74, 15, 99, 'Manager', 1270.07),
(75, 27, 13, 'Manager', 1691.17),
(76, 14, 63, 'Manager', 1599.36),
(77, 43, 18, 'Sales', 1476.99),
(78, 14, 77, 'Manager', 2888.35),
(79, 22, 10, 'Manager', 2987.26),
(80, 44, 42, 'Support', 1318.36),
(81, 29, 6, 'Support', 1049.08),
(82, 48, 45, 'Support', 4748.04),
(83, 46, 7, 'Sales', 3755.07),
(84, 15, 46, 'Manager', 3754.77),
(85, 41, 40, 'Sales', 2666.53),
(86, 43, 73, 'Manager', 3360.66),
(87, 30, 91, 'Support', 3783.29),
(88, 12, 61, 'Manager', 2142.55),
(89, 5, 80, 'Support', 2372.15),
(90, 9, 35, 'Manager', 1287.50),
(91, 16, 48, 'Support', 2012.51),
(92, 19, 50, 'Sales', 3313.57),
(93, 36, 22, 'Manager', 4558.67),
(94, 40, 11, 'Manager', 3830.97),
(95, 8, 2, 'Manager', 4311.94),
(96, 22, 29, 'Manager', 1837.13),
(97, 32, 37, 'Sales', 1454.55),
(98, 50, 84, 'Sales', 1624.82),
(99, 49, 76, 'Sales', 2029.31),
(100, 2, 36, 'Manager', 2027.20);

-- --------------------------------------------------------

--
-- Table structure for table `HCustomer`
--

DROP TABLE IF EXISTS `HCustomer`;
CREATE TABLE IF NOT EXISTS `HCustomer` (
`id` int(11) NOT NULL,
  `customer_id` int(11) NOT NULL,
  `marriage_status` char(10) NOT NULL,
  `gender` char(1) NOT NULL,
  `age` int(11) NOT NULL,
  `home_income` decimal(10,2) NOT NULL
) ENGINE=InnoDB AUTO_INCREMENT=490 DEFAULT CHARSET=latin1;

--
-- Dumping data for table `HCustomer`
--

INSERT INTO `HCustomer` (`id`, `customer_id`, `marriage_status`, `gender`, `age`, `home_income`) VALUES
(1, 1, 'single', 'F', 71, 839805.84),
(2, 2, 'married', 'F', 38, 512532.00),
(3, 3, 'married', 'F', 50, 689494.24),
(4, 4, 'single', 'F', 42, 337414.90),
(5, 5, 'married', 'F', 79, 118067.90),
(6, 6, 'married', 'F', 41, 975986.99),
(7, 7, 'married', 'F', 59, 547561.82),
(8, 8, 'single', 'M', 89, 462734.77),
(9, 10, 'single', 'M', 80, 455456.32),
(10, 11, 'single', 'F', 89, 222018.91),
(11, 17, 'single', 'F', 85, 609594.95),
(12, 18, 'married', 'F', 40, 518158.25),
(13, 20, 'married', 'F', 50, 959945.55),
(14, 21, 'single', 'M', 86, 160282.98),
(15, 25, 'married', 'F', 76, 560860.00),
(16, 26, 'single', 'M', 68, 270517.20),
(17, 31, 'married', 'M', 90, 544910.90),
(18, 32, 'married', 'F', 53, 204046.23),
(19, 33, 'single', 'F', 65, 813549.71),
(20, 34, 'married', 'F', 73, 689962.65),
(21, 35, 'single', 'M', 30, 145733.89),
(22, 36, 'single', 'F', 47, 543775.92),
(23, 38, 'married', 'M', 86, 783684.15),
(24, 39, 'married', 'M', 72, 651325.36),
(25, 42, 'married', 'F', 80, 712802.00),
(26, 43, 'married', 'F', 56, 285982.98),
(27, 44, 'single', 'M', 81, 494055.28),
(28, 49, 'single', 'M', 40, 168479.28),
(29, 54, 'married', 'M', 38, 812481.00),
(30, 57, 'single', 'F', 81, 230485.83),
(31, 60, 'married', 'M', 85, 382267.02),
(32, 63, 'married', 'M', 80, 918033.42),
(33, 66, 'single', 'M', 84, 747887.40),
(34, 67, 'single', 'F', 72, 280741.98),
(35, 69, 'married', 'M', 64, 415465.96),
(36, 70, 'married', 'F', 72, 509474.49),
(37, 73, 'single', 'M', 58, 850846.00),
(38, 75, 'married', 'M', 73, 657199.33),
(39, 76, 'married', 'F', 46, 558105.93),
(40, 77, 'married', 'F', 89, 472941.64),
(41, 78, 'single', 'M', 44, 568157.72),
(42, 81, 'single', 'F', 52, 503000.97),
(43, 83, 'married', 'M', 54, 433268.24),
(44, 86, 'single', 'F', 49, 170314.44),
(45, 88, 'single', 'F', 31, 310172.74),
(46, 90, 'single', 'M', 78, 923778.53),
(47, 93, 'married', 'F', 40, 168126.41),
(48, 94, 'married', 'F', 49, 653977.82),
(49, 96, 'married', 'M', 76, 587910.43),
(50, 100, 'married', 'M', 79, 569003.31),
(51, 101, 'married', 'M', 47, 993348.23),
(52, 102, 'married', 'F', 63, 995091.10),
(53, 109, 'married', 'M', 33, 878659.66),
(54, 110, 'single', 'F', 63, 167343.59),
(55, 111, 'single', 'M', 56, 337216.19),
(56, 116, 'single', 'F', 35, 769798.05),
(57, 117, 'single', 'F', 34, 517899.29),
(58, 120, 'single', 'F', 90, 557581.45),
(59, 123, 'single', 'M', 80, 202300.07),
(60, 124, 'single', 'M', 85, 165808.53),
(61, 125, 'married', 'F', 36, 929858.19),
(62, 126, 'married', 'F', 84, 488751.15),
(63, 127, 'married', 'M', 42, 674263.93),
(64, 130, 'single', 'F', 44, 765978.28),
(65, 131, 'single', 'M', 55, 294617.94),
(66, 135, 'married', 'M', 65, 609189.76),
(67, 138, 'married', 'M', 48, 539571.00),
(68, 140, 'married', 'F', 49, 502196.67),
(69, 143, 'single', 'M', 59, 126081.25),
(70, 144, 'married', 'F', 31, 545810.11),
(71, 147, 'married', 'F', 61, 625029.57),
(72, 148, 'single', 'F', 75, 259112.95),
(73, 149, 'single', 'F', 41, 538701.33),
(74, 150, 'single', 'M', 52, 961152.69),
(75, 152, 'married', 'M', 42, 545390.26),
(76, 154, 'single', 'F', 72, 681387.41),
(77, 155, 'single', 'M', 74, 577056.50),
(78, 158, 'married', 'M', 84, 634885.91),
(79, 161, 'married', 'M', 36, 557105.80),
(80, 165, 'single', 'F', 83, 353437.77),
(81, 166, 'married', 'M', 81, 161138.74),
(82, 167, 'single', 'F', 63, 920115.93),
(83, 169, 'married', 'F', 64, 207458.75),
(84, 171, 'married', 'M', 42, 924866.25),
(85, 176, 'married', 'F', 69, 486670.40),
(86, 178, 'single', 'F', 45, 611187.63),
(87, 179, 'married', 'M', 72, 976081.14),
(88, 180, 'single', 'F', 48, 322624.95),
(89, 181, 'single', 'F', 49, 555036.23),
(90, 183, 'single', 'M', 47, 938778.80),
(91, 184, 'married', 'F', 68, 418495.13),
(92, 186, 'single', 'M', 77, 289676.00),
(93, 189, 'married', 'M', 59, 108002.15),
(94, 192, 'single', 'M', 89, 229548.78),
(95, 193, 'single', 'F', 89, 830619.54),
(96, 194, 'married', 'F', 57, 545121.41),
(97, 195, 'single', 'F', 88, 125800.83),
(98, 197, 'married', 'F', 72, 484115.96),
(99, 198, 'married', 'F', 60, 149629.62),
(100, 200, 'married', 'F', 34, 997797.39),
(101, 202, 'single', 'M', 67, 967586.61),
(102, 205, 'married', 'F', 64, 415565.34),
(103, 206, 'married', 'M', 33, 401611.25),
(104, 207, 'married', 'M', 82, 250550.55),
(105, 208, 'married', 'M', 84, 879793.97),
(106, 210, 'single', 'M', 69, 136789.56),
(107, 211, 'single', 'M', 36, 392065.91),
(108, 215, 'married', 'F', 69, 781894.20),
(109, 216, 'married', 'F', 88, 395336.00),
(110, 218, 'single', 'M', 79, 435664.21),
(111, 222, 'single', 'F', 37, 628087.48),
(112, 224, 'married', 'M', 47, 951371.48),
(113, 225, 'married', 'M', 49, 164013.27),
(114, 230, 'married', 'F', 44, 474552.27),
(115, 232, 'single', 'M', 70, 988218.75),
(116, 234, 'married', 'F', 89, 888225.96),
(117, 236, 'single', 'M', 66, 445308.37),
(118, 239, 'married', 'M', 60, 365140.47),
(119, 240, 'married', 'M', 82, 579187.81),
(120, 245, 'single', 'F', 56, 342257.81),
(121, 247, 'single', 'F', 86, 904480.68),
(122, 249, 'married', 'M', 57, 440457.88),
(123, 252, 'married', 'F', 73, 930091.54),
(124, 254, 'married', 'F', 48, 788706.08),
(125, 256, 'single', 'F', 49, 836474.71),
(126, 261, 'single', 'F', 38, 585973.93),
(127, 265, 'single', 'M', 79, 910513.52),
(128, 268, 'married', 'M', 76, 778153.27),
(129, 271, 'single', 'F', 35, 338852.67),
(130, 272, 'single', 'F', 89, 949431.18),
(131, 274, 'single', 'F', 65, 310933.00),
(132, 275, 'married', 'F', 88, 500006.41),
(133, 276, 'married', 'M', 34, 831683.00),
(134, 281, 'single', 'F', 51, 553480.53),
(135, 282, 'married', 'M', 44, 705820.16),
(136, 284, 'single', 'F', 70, 246195.86),
(137, 288, 'married', 'M', 46, 453948.37),
(138, 290, 'single', 'M', 45, 193252.88),
(139, 291, 'single', 'F', 53, 734146.00),
(140, 292, 'single', 'F', 85, 802103.09),
(141, 293, 'single', 'F', 46, 147980.44),
(142, 294, 'single', 'M', 61, 979663.13),
(143, 296, 'single', 'F', 74, 450556.47),
(144, 297, 'single', 'M', 52, 114965.33),
(145, 300, 'single', 'M', 53, 565330.00),
(146, 303, 'single', 'F', 83, 758621.83),
(147, 307, 'married', 'M', 85, 605369.25),
(148, 308, 'married', 'F', 83, 694579.04),
(149, 312, 'single', 'F', 90, 341360.61),
(150, 318, 'married', 'M', 45, 403504.69),
(151, 319, 'single', 'F', 82, 358633.08),
(152, 320, 'single', 'F', 69, 439970.10),
(153, 321, 'married', 'F', 47, 216153.12),
(154, 330, 'single', 'M', 82, 660802.36),
(155, 331, 'single', 'M', 31, 603802.71),
(156, 332, 'married', 'M', 44, 874669.33),
(157, 333, 'married', 'F', 46, 818981.74),
(158, 335, 'single', 'M', 36, 635097.59),
(159, 336, 'married', 'M', 50, 774648.87),
(160, 337, 'single', 'F', 36, 502752.75),
(161, 338, 'single', 'M', 84, 751176.27),
(162, 340, 'married', 'F', 48, 671157.81),
(163, 342, 'married', 'M', 75, 254250.62),
(164, 344, 'married', 'M', 62, 114480.93),
(165, 345, 'married', 'F', 54, 604659.65),
(166, 351, 'single', 'M', 70, 272606.03),
(167, 355, 'single', 'M', 78, 842110.10),
(168, 356, 'married', 'M', 54, 992141.09),
(169, 357, 'married', 'M', 70, 461523.05),
(170, 360, 'married', 'M', 78, 423389.40),
(171, 361, 'single', 'M', 53, 909764.84),
(172, 362, 'married', 'F', 39, 366883.84),
(173, 363, 'single', 'F', 82, 577445.77),
(174, 364, 'married', 'F', 66, 871938.14),
(175, 365, 'single', 'M', 83, 989272.65),
(176, 367, 'married', 'F', 74, 417377.72),
(177, 369, 'single', 'F', 48, 900935.00),
(178, 371, 'married', 'F', 82, 610895.15),
(179, 372, 'married', 'F', 39, 645421.68),
(180, 376, 'married', 'F', 35, 322661.56),
(181, 377, 'single', 'M', 53, 454350.98),
(182, 379, 'married', 'M', 77, 928529.71),
(183, 380, 'single', 'M', 30, 837167.93),
(184, 390, 'single', 'M', 55, 236246.08),
(185, 393, 'single', 'M', 48, 640538.90),
(186, 395, 'single', 'M', 86, 167211.86),
(187, 396, 'single', 'F', 57, 869989.34),
(188, 399, 'married', 'F', 36, 965028.56),
(189, 401, 'married', 'F', 49, 767743.07),
(190, 402, 'single', 'F', 65, 833361.30),
(191, 404, 'single', 'F', 44, 580681.74),
(192, 405, 'single', 'M', 90, 264966.80),
(193, 408, 'married', 'M', 30, 211006.30),
(194, 410, 'single', 'M', 57, 518323.16),
(195, 411, 'single', 'F', 74, 721540.83),
(196, 414, 'married', 'F', 50, 469126.84),
(197, 415, 'married', 'M', 34, 782514.57),
(198, 416, 'single', 'F', 41, 967808.18),
(199, 418, 'married', 'F', 34, 447308.63),
(200, 420, 'single', 'F', 87, 483315.88),
(201, 421, 'married', 'M', 52, 771389.99),
(202, 425, 'single', 'M', 58, 552691.18),
(203, 426, 'married', 'F', 66, 788919.38),
(204, 427, 'single', 'F', 81, 531390.88),
(205, 428, 'single', 'M', 48, 267073.58),
(206, 430, 'married', 'F', 85, 804347.00),
(207, 432, 'married', 'M', 52, 236674.10),
(208, 434, 'married', 'F', 51, 486899.39),
(209, 436, 'single', 'M', 82, 537426.98),
(210, 437, 'married', 'M', 52, 959596.36),
(211, 438, 'single', 'M', 53, 582984.93),
(212, 439, 'married', 'M', 90, 528348.94),
(213, 442, 'married', 'F', 49, 270863.81),
(214, 445, 'single', 'F', 83, 299975.24),
(215, 451, 'married', 'F', 79, 862047.91),
(216, 452, 'married', 'F', 80, 409965.09),
(217, 453, 'married', 'M', 40, 517713.53),
(218, 454, 'single', 'F', 80, 776404.73),
(219, 462, 'married', 'F', 73, 636549.82),
(220, 463, 'married', 'F', 42, 607001.55),
(221, 464, 'married', 'F', 31, 137057.69),
(222, 465, 'single', 'F', 81, 280181.00),
(223, 466, 'single', 'M', 35, 340844.36),
(224, 468, 'single', 'F', 36, 914573.44),
(225, 470, 'single', 'F', 81, 702981.86),
(226, 472, 'single', 'M', 69, 643782.00),
(227, 474, 'married', 'M', 74, 265482.49),
(228, 475, 'married', 'M', 71, 833856.02),
(229, 477, 'married', 'M', 38, 916278.26),
(230, 478, 'married', 'M', 75, 566002.41),
(231, 479, 'married', 'M', 72, 183746.86),
(232, 480, 'married', 'M', 41, 508602.39),
(233, 481, 'married', 'F', 52, 356708.31),
(234, 482, 'married', 'F', 48, 524290.77),
(235, 483, 'single', 'F', 59, 287605.65),
(236, 484, 'married', 'M', 82, 862459.12),
(237, 485, 'married', 'M', 35, 675012.17),
(238, 486, 'married', 'F', 43, 711852.99),
(239, 487, 'married', 'M', 90, 268275.24),
(240, 489, 'married', 'M', 37, 596792.85),
(241, 490, 'married', 'M', 32, 404243.73),
(242, 491, 'married', 'F', 75, 238943.21),
(243, 492, 'married', 'M', 57, 755419.45),
(244, 493, 'single', 'M', 76, 668294.20),
(245, 496, 'married', 'M', 46, 494309.34),
(246, 498, 'single', 'F', 72, 899816.91),
(247, 500, 'single', 'F', 35, 513898.06),
(248, 507, 'married', 'M', 40, 931286.90),
(249, 508, 'single', 'M', 88, 405950.33),
(250, 510, 'single', 'M', 38, 338566.35),
(251, 515, 'single', 'M', 30, 941171.92),
(252, 519, 'single', 'M', 40, 593432.47),
(253, 520, 'single', 'F', 79, 630089.03),
(254, 522, 'single', 'F', 83, 479936.96),
(255, 523, 'married', 'M', 85, 424931.79),
(256, 527, 'married', 'M', 54, 176302.24),
(257, 529, 'single', 'F', 68, 218948.28),
(258, 530, 'single', 'F', 31, 967896.55),
(259, 532, 'married', 'M', 76, 427749.80),
(260, 535, 'married', 'F', 65, 298494.55),
(261, 539, 'married', 'M', 59, 984837.85),
(262, 543, 'single', 'F', 60, 696635.26),
(263, 544, 'married', 'F', 49, 813429.02),
(264, 546, 'single', 'F', 59, 208489.77),
(265, 548, 'single', 'M', 88, 778730.21),
(266, 552, 'single', 'M', 60, 612842.75),
(267, 553, 'married', 'F', 47, 129155.75),
(268, 556, 'single', 'F', 51, 421053.01),
(269, 561, 'married', 'F', 87, 242998.45),
(270, 563, 'single', 'M', 64, 968894.27),
(271, 567, 'married', 'F', 50, 690621.00),
(272, 568, 'single', 'M', 57, 285916.18),
(273, 569, 'married', 'M', 73, 781296.14),
(274, 570, 'single', 'F', 32, 589405.26),
(275, 571, 'married', 'M', 75, 435921.88),
(276, 572, 'single', 'F', 38, 676994.83),
(277, 576, 'married', 'M', 41, 266420.44),
(278, 577, 'married', 'M', 65, 767404.15),
(279, 581, 'single', 'F', 50, 859748.94),
(280, 583, 'single', 'M', 56, 481762.99),
(281, 585, 'single', 'M', 65, 486281.90),
(282, 586, 'married', 'M', 30, 662787.54),
(283, 587, 'married', 'F', 70, 571228.80),
(284, 588, 'married', 'M', 59, 391621.76),
(285, 590, 'single', 'F', 76, 181041.42),
(286, 591, 'married', 'F', 59, 681534.58),
(287, 594, 'single', 'M', 30, 524003.35),
(288, 595, 'married', 'F', 54, 236440.78),
(289, 599, 'single', 'M', 63, 398939.13),
(290, 600, 'single', 'F', 36, 311338.63),
(291, 602, 'single', 'F', 49, 931795.11),
(292, 603, 'single', 'M', 35, 635467.58),
(293, 604, 'married', 'F', 59, 192842.58),
(294, 605, 'single', 'F', 58, 527153.86),
(295, 606, 'single', 'F', 39, 904902.20),
(296, 607, 'single', 'M', 41, 131653.72),
(297, 610, 'married', 'F', 54, 395836.95),
(298, 611, 'single', 'M', 51, 775649.68),
(299, 612, 'married', 'M', 35, 353811.45),
(300, 614, 'single', 'F', 74, 418771.89),
(301, 617, 'married', 'M', 47, 916653.92),
(302, 620, 'single', 'M', 48, 418900.72),
(303, 621, 'single', 'M', 67, 972652.68),
(304, 622, 'married', 'F', 88, 189262.85),
(305, 624, 'married', 'M', 49, 504711.43),
(306, 625, 'single', 'F', 42, 301309.64),
(307, 626, 'single', 'F', 63, 329651.32),
(308, 628, 'single', 'M', 70, 335229.87),
(309, 629, 'single', 'M', 66, 508338.80),
(310, 631, 'married', 'M', 87, 779808.81),
(311, 634, 'single', 'M', 79, 183174.15),
(312, 635, 'single', 'F', 52, 731305.83),
(313, 636, 'single', 'F', 82, 267612.02),
(314, 638, 'single', 'F', 39, 220474.47),
(315, 639, 'married', 'F', 39, 911591.23),
(316, 644, 'married', 'F', 86, 602087.72),
(317, 647, 'single', 'M', 32, 738324.11),
(318, 649, 'single', 'M', 44, 703620.42),
(319, 650, 'married', 'M', 31, 297154.90),
(320, 653, 'single', 'F', 33, 943314.78),
(321, 655, 'single', 'M', 52, 816309.20),
(322, 658, 'married', 'F', 60, 638209.24),
(323, 667, 'single', 'F', 32, 580186.41),
(324, 668, 'married', 'F', 70, 392114.53),
(325, 669, 'single', 'M', 57, 450895.97),
(326, 670, 'married', 'M', 60, 366979.07),
(327, 674, 'single', 'M', 71, 487314.34),
(328, 675, 'single', 'M', 82, 198932.48),
(329, 676, 'single', 'F', 45, 364391.40),
(330, 682, 'married', 'M', 53, 999019.19),
(331, 686, 'single', 'F', 41, 365275.84),
(332, 687, 'single', 'M', 38, 614108.96),
(333, 688, 'married', 'M', 45, 958203.39),
(334, 692, 'single', 'M', 64, 334846.98),
(335, 693, 'single', 'M', 57, 833345.00),
(336, 694, 'married', 'F', 83, 194957.89),
(337, 695, 'married', 'M', 73, 514589.36),
(338, 700, 'married', 'F', 86, 779942.63),
(339, 701, 'married', 'M', 52, 748673.57),
(340, 703, 'married', 'F', 32, 763405.49),
(341, 704, 'married', 'M', 60, 684871.32),
(342, 707, 'single', 'M', 36, 232367.72),
(343, 708, 'single', 'M', 49, 560439.86),
(344, 711, 'single', 'M', 61, 590443.12),
(345, 712, 'married', 'M', 39, 476636.19),
(346, 714, 'single', 'M', 84, 752514.04),
(347, 715, 'married', 'F', 58, 482714.83),
(348, 717, 'married', 'M', 52, 683187.59),
(349, 719, 'single', 'M', 62, 700382.93),
(350, 721, 'single', 'F', 60, 257786.40),
(351, 724, 'single', 'M', 71, 895513.25),
(352, 725, 'married', 'M', 38, 611256.43),
(353, 726, 'married', 'M', 63, 933387.29),
(354, 728, 'single', 'F', 34, 839268.40),
(355, 729, 'single', 'M', 53, 548012.16),
(356, 733, 'married', 'M', 55, 811689.00),
(357, 734, 'single', 'F', 60, 163583.49),
(358, 735, 'single', 'M', 47, 564418.09),
(359, 739, 'single', 'M', 50, 454017.52),
(360, 744, 'single', 'F', 50, 750664.75),
(361, 746, 'married', 'M', 47, 366124.00),
(362, 753, 'married', 'F', 74, 703434.42),
(363, 754, 'married', 'F', 62, 326207.19),
(364, 756, 'single', 'F', 65, 977884.53),
(365, 757, 'married', 'M', 59, 728454.45),
(366, 758, 'single', 'F', 66, 242313.66),
(367, 759, 'single', 'M', 62, 427259.28),
(368, 760, 'single', 'M', 71, 105928.85),
(369, 765, 'single', 'M', 72, 252920.70),
(370, 768, 'single', 'M', 49, 394378.89),
(371, 774, 'married', 'F', 76, 909155.43),
(372, 775, 'married', 'M', 67, 979527.70),
(373, 779, 'married', 'M', 34, 578145.92),
(374, 781, 'single', 'F', 45, 209534.06),
(375, 782, 'married', 'F', 86, 803241.48),
(376, 786, 'married', 'M', 37, 759133.12),
(377, 789, 'married', 'F', 62, 368385.00),
(378, 790, 'married', 'M', 86, 486780.00),
(379, 792, 'single', 'F', 43, 604548.59),
(380, 793, 'single', 'M', 31, 344867.90),
(381, 796, 'single', 'M', 60, 447528.97),
(382, 798, 'married', 'M', 62, 408185.73),
(383, 801, 'married', 'M', 33, 454697.44),
(384, 804, 'single', 'F', 42, 539920.77),
(385, 805, 'single', 'M', 54, 803654.04),
(386, 806, 'single', 'F', 42, 135761.84),
(387, 808, 'married', 'M', 90, 839227.52),
(388, 809, 'single', 'F', 40, 195875.09),
(389, 810, 'married', 'F', 73, 373615.76),
(390, 811, 'single', 'F', 75, 487319.34),
(391, 813, 'single', 'F', 43, 509441.23),
(392, 814, 'married', 'F', 45, 860059.54),
(393, 815, 'single', 'M', 46, 532545.19),
(394, 818, 'single', 'M', 31, 514044.76),
(395, 820, 'married', 'F', 59, 884358.02),
(396, 821, 'married', 'F', 82, 936867.38),
(397, 824, 'single', 'M', 47, 161368.12),
(398, 832, 'married', 'F', 44, 535036.03),
(399, 833, 'married', 'M', 86, 803022.01),
(400, 835, 'single', 'M', 75, 669066.86),
(401, 837, 'married', 'F', 84, 452528.60),
(402, 840, 'married', 'M', 87, 186840.64),
(403, 841, 'married', 'F', 46, 505071.01),
(404, 844, 'married', 'F', 70, 827659.73),
(405, 847, 'single', 'F', 67, 760820.25),
(406, 849, 'single', 'F', 43, 969781.51),
(407, 850, 'single', 'M', 76, 868379.66),
(408, 852, 'married', 'F', 35, 173094.25),
(409, 854, 'single', 'M', 73, 383389.73),
(410, 855, 'married', 'F', 49, 543829.56),
(411, 856, 'single', 'F', 78, 967003.65),
(412, 859, 'single', 'F', 59, 551625.71),
(413, 860, 'single', 'F', 48, 554206.41),
(414, 866, 'married', 'M', 74, 113744.79),
(415, 873, 'single', 'M', 43, 760575.22),
(416, 875, 'single', 'F', 43, 243820.20),
(417, 877, 'single', 'F', 64, 208899.88),
(418, 879, 'single', 'F', 89, 964150.88),
(419, 882, 'married', 'M', 30, 982368.40),
(420, 883, 'single', 'F', 81, 266601.02),
(421, 885, 'single', 'M', 30, 126494.72),
(422, 886, 'married', 'M', 59, 712729.70),
(423, 887, 'single', 'M', 52, 553885.02),
(424, 889, 'single', 'F', 77, 772866.72),
(425, 890, 'married', 'F', 50, 415224.36),
(426, 892, 'married', 'M', 70, 402466.05),
(427, 895, 'single', 'M', 66, 880078.58),
(428, 896, 'married', 'M', 57, 533781.78),
(429, 897, 'single', 'M', 68, 210319.41),
(430, 898, 'married', 'F', 71, 363245.57),
(431, 899, 'single', 'F', 71, 875975.16),
(432, 902, 'single', 'F', 58, 521472.41),
(433, 906, 'married', 'M', 39, 651374.86),
(434, 908, 'married', 'M', 83, 303914.39),
(435, 909, 'single', 'M', 64, 246327.94),
(436, 911, 'single', 'F', 86, 229820.05),
(437, 912, 'married', 'M', 50, 661108.58),
(438, 914, 'single', 'M', 48, 607390.76),
(439, 915, 'married', 'F', 75, 233572.07),
(440, 917, 'married', 'M', 80, 830266.90),
(441, 919, 'married', 'M', 69, 766237.77),
(442, 920, 'single', 'F', 31, 927577.42),
(443, 923, 'married', 'F', 56, 644312.69),
(444, 925, 'single', 'M', 40, 214301.25),
(445, 927, 'married', 'M', 82, 515613.61),
(446, 929, 'single', 'M', 76, 999941.69),
(447, 930, 'married', 'F', 90, 381991.56),
(448, 931, 'single', 'M', 65, 571270.52),
(449, 932, 'married', 'M', 80, 666536.00),
(450, 933, 'married', 'F', 53, 605708.49),
(451, 935, 'single', 'F', 49, 503534.24),
(452, 936, 'single', 'F', 71, 250468.82),
(453, 940, 'single', 'M', 54, 680970.77),
(454, 942, 'single', 'F', 61, 405553.83),
(455, 945, 'married', 'M', 63, 118766.83),
(456, 946, 'single', 'M', 33, 982645.44),
(457, 947, 'married', 'M', 51, 760452.00),
(458, 948, 'single', 'M', 53, 863292.00),
(459, 949, 'married', 'F', 87, 488966.51),
(460, 950, 'single', 'M', 40, 803424.38),
(461, 951, 'married', 'F', 62, 358794.39),
(462, 953, 'single', 'M', 33, 291734.15),
(463, 954, 'single', 'M', 37, 779185.52),
(464, 960, 'single', 'F', 62, 799883.02),
(465, 961, 'married', 'F', 89, 553434.08),
(466, 962, 'married', 'M', 41, 425859.15),
(467, 963, 'married', 'F', 88, 344086.32),
(468, 964, 'single', 'M', 52, 240170.88),
(469, 966, 'single', 'F', 84, 251112.80),
(470, 967, 'single', 'M', 67, 977576.92),
(471, 968, 'married', 'F', 66, 433674.84),
(472, 971, 'single', 'F', 83, 349398.54),
(473, 972, 'married', 'F', 46, 101888.11),
(474, 974, 'married', 'F', 53, 459273.00),
(475, 978, 'single', 'M', 61, 886950.54),
(476, 979, 'married', 'M', 46, 927565.18),
(477, 980, 'married', 'F', 30, 234852.99),
(478, 981, 'single', 'M', 45, 351270.46),
(479, 985, 'single', 'F', 32, 663845.20),
(480, 986, 'single', 'M', 37, 630731.32),
(481, 987, 'married', 'M', 52, 723811.06),
(482, 989, 'married', 'M', 49, 129948.06),
(483, 990, 'married', 'M', 88, 543396.87),
(484, 994, 'married', 'F', 43, 711069.21),
(485, 996, 'married', 'M', 80, 841443.09),
(486, 997, 'married', 'F', 60, 657146.12),
(487, 999, 'single', 'M', 75, 183673.90),
(488, 1000, 'married', 'F', 42, 899724.73),
(489, 1001, 'single', 'M', 23, 150000.00);

-- --------------------------------------------------------

--
-- Table structure for table `Inventory`
--

DROP TABLE IF EXISTS `Inventory`;
CREATE TABLE IF NOT EXISTS `Inventory` (
`id` int(11) NOT NULL,
  `store_id` int(11) NOT NULL,
  `product_id` int(11) NOT NULL,
  `quantity` int(11) NOT NULL
) ENGINE=InnoDB AUTO_INCREMENT=1501 DEFAULT CHARSET=latin1;

--
-- Dumping data for table `Inventory`
--

INSERT INTO `Inventory` (`id`, `store_id`, `product_id`, `quantity`) VALUES
(1, 1, 1, 97),
(2, 1, 2, 91),
(3, 1, 3, 43),
(4, 1, 4, 97),
(5, 1, 5, 82),
(6, 1, 6, 96),
(7, 1, 7, 83),
(8, 1, 8, 85),
(9, 1, 9, 22),
(10, 1, 10, 70),
(11, 1, 11, 50),
(12, 1, 12, 22),
(13, 1, 13, 71),
(14, 1, 14, 43),
(15, 1, 15, 39),
(16, 1, 16, 38),
(17, 1, 17, 47),
(18, 1, 18, 38),
(19, 1, 19, 17),
(20, 1, 20, 35),
(21, 1, 21, 50),
(22, 1, 22, 16),
(23, 1, 23, 55),
(24, 1, 24, 49),
(25, 1, 25, 51),
(26, 1, 26, 25),
(27, 1, 27, 88),
(28, 1, 28, 28),
(29, 1, 29, 79),
(30, 1, 30, 5),
(31, 2, 1, 55),
(32, 2, 2, 9),
(33, 2, 3, 84),
(34, 2, 4, 33),
(35, 2, 5, 37),
(36, 2, 6, 39),
(37, 2, 7, 80),
(38, 2, 8, 1),
(39, 2, 9, 54),
(40, 2, 10, 23),
(41, 2, 11, 97),
(42, 2, 12, 29),
(43, 2, 13, 58),
(44, 2, 14, 83),
(45, 2, 15, 10),
(46, 2, 16, 53),
(47, 2, 17, 94),
(48, 2, 18, 35),
(49, 2, 19, 89),
(50, 2, 20, 34),
(51, 2, 21, 47),
(52, 2, 22, 90),
(53, 2, 23, 48),
(54, 2, 24, 51),
(55, 2, 25, 10),
(56, 2, 26, 62),
(57, 2, 27, 33),
(58, 2, 28, 20),
(59, 2, 29, 55),
(60, 2, 30, 61),
(61, 3, 1, 75),
(62, 3, 2, 75),
(63, 3, 3, 91),
(64, 3, 4, 32),
(65, 3, 5, 27),
(66, 3, 6, 93),
(67, 3, 7, 27),
(68, 3, 8, 60),
(69, 3, 9, 50),
(70, 3, 10, 27),
(71, 3, 11, 11),
(72, 3, 12, 51),
(73, 3, 13, 8),
(74, 3, 14, 26),
(75, 3, 15, 27),
(76, 3, 16, 81),
(77, 3, 17, 95),
(78, 3, 18, 17),
(79, 3, 19, 93),
(80, 3, 20, 89),
(81, 3, 21, 99),
(82, 3, 22, 55),
(83, 3, 23, 74),
(84, 3, 24, 84),
(85, 3, 25, 81),
(86, 3, 26, 45),
(87, 3, 27, 27),
(88, 3, 28, 48),
(89, 3, 29, 34),
(90, 3, 30, 41),
(91, 4, 1, 26),
(92, 4, 2, 45),
(93, 4, 3, 34),
(94, 4, 4, 37),
(95, 4, 5, 3),
(96, 4, 6, 13),
(97, 4, 7, 71),
(98, 4, 8, 55),
(99, 4, 9, 17),
(100, 4, 10, 98),
(101, 4, 11, 36),
(102, 4, 12, 74),
(103, 4, 13, 9),
(104, 4, 14, 59),
(105, 4, 15, 57),
(106, 4, 16, 27),
(107, 4, 17, 97),
(108, 4, 18, 76),
(109, 4, 19, 50),
(110, 4, 20, 77),
(111, 4, 21, 22),
(112, 4, 22, 66),
(113, 4, 23, 94),
(114, 4, 24, 95),
(115, 4, 25, 64),
(116, 4, 26, 91),
(117, 4, 27, 9),
(118, 4, 28, 13),
(119, 4, 29, 31),
(120, 4, 30, 70),
(121, 5, 1, 83),
(122, 5, 2, 90),
(123, 5, 3, 19),
(124, 5, 4, 28),
(125, 5, 5, 94),
(126, 5, 6, 41),
(127, 5, 7, 94),
(128, 5, 8, 20),
(129, 5, 9, 76),
(130, 5, 10, 14),
(131, 5, 11, 83),
(132, 5, 12, 64),
(133, 5, 13, 33),
(134, 5, 14, 73),
(135, 5, 15, 71),
(136, 5, 16, 29),
(137, 5, 17, 59),
(138, 5, 18, 18),
(139, 5, 19, 59),
(140, 5, 20, 12),
(141, 5, 21, 83),
(142, 5, 22, 11),
(143, 5, 23, 100),
(144, 5, 24, 35),
(145, 5, 25, 57),
(146, 5, 26, 55),
(147, 5, 27, 19),
(148, 5, 28, 12),
(149, 5, 29, 68),
(150, 5, 30, 80),
(151, 6, 1, 81),
(152, 6, 2, 81),
(153, 6, 3, 48),
(154, 6, 4, 13),
(155, 6, 5, 56),
(156, 6, 6, 46),
(157, 6, 7, 65),
(158, 6, 8, 26),
(159, 6, 9, 35),
(160, 6, 10, 36),
(161, 6, 11, 9),
(162, 6, 12, 52),
(163, 6, 13, 100),
(164, 6, 14, 34),
(165, 6, 15, 19),
(166, 6, 16, 100),
(167, 6, 17, 70),
(168, 6, 18, 17),
(169, 6, 19, 63),
(170, 6, 20, 16),
(171, 6, 21, 54),
(172, 6, 22, 21),
(173, 6, 23, 94),
(174, 6, 24, 19),
(175, 6, 25, 88),
(176, 6, 26, 4),
(177, 6, 27, 34),
(178, 6, 28, 55),
(179, 6, 29, 40),
(180, 6, 30, 8),
(181, 7, 1, 42),
(182, 7, 2, 89),
(183, 7, 3, 74),
(184, 7, 4, 37),
(185, 7, 5, 96),
(186, 7, 6, 88),
(187, 7, 7, 15),
(188, 7, 8, 83),
(189, 7, 9, 17),
(190, 7, 10, 86),
(191, 7, 11, 22),
(192, 7, 12, 37),
(193, 7, 13, 91),
(194, 7, 14, 12),
(195, 7, 15, 10),
(196, 7, 16, 60),
(197, 7, 17, 74),
(198, 7, 18, 88),
(199, 7, 19, 61),
(200, 7, 20, 21),
(201, 7, 21, 12),
(202, 7, 22, 82),
(203, 7, 23, 22),
(204, 7, 24, 23),
(205, 7, 25, 83),
(206, 7, 26, 68),
(207, 7, 27, 92),
(208, 7, 28, 92),
(209, 7, 29, 77),
(210, 7, 30, 31),
(211, 8, 1, 10),
(212, 8, 2, 62),
(213, 8, 3, 60),
(214, 8, 4, 92),
(215, 8, 5, 8),
(216, 8, 6, 61),
(217, 8, 7, 76),
(218, 8, 8, 24),
(219, 8, 9, 54),
(220, 8, 10, 40),
(221, 8, 11, 36),
(222, 8, 12, 97),
(223, 8, 13, 67),
(224, 8, 14, 93),
(225, 8, 15, 57),
(226, 8, 16, 33),
(227, 8, 17, 47),
(228, 8, 18, 27),
(229, 8, 19, 19),
(230, 8, 20, 92),
(231, 8, 21, 12),
(232, 8, 22, 3),
(233, 8, 23, 3),
(234, 8, 24, 82),
(235, 8, 25, 95),
(236, 8, 26, 47),
(237, 8, 27, 98),
(238, 8, 28, 54),
(239, 8, 29, 71),
(240, 8, 30, 35),
(241, 9, 1, 87),
(242, 9, 2, 27),
(243, 9, 3, 63),
(244, 9, 4, 70),
(245, 9, 5, 48),
(246, 9, 6, 78),
(247, 9, 7, 85),
(248, 9, 8, 50),
(249, 9, 9, 39),
(250, 9, 10, 57),
(251, 9, 11, 25),
(252, 9, 12, 47),
(253, 9, 13, 44),
(254, 9, 14, 63),
(255, 9, 15, 59),
(256, 9, 16, 94),
(257, 9, 17, 68),
(258, 9, 18, 9),
(259, 9, 19, 20),
(260, 9, 20, 25),
(261, 9, 21, 8),
(262, 9, 22, 49),
(263, 9, 23, 88),
(264, 9, 24, 56),
(265, 9, 25, 72),
(266, 9, 26, 85),
(267, 9, 27, 84),
(268, 9, 28, 7),
(269, 9, 29, 75),
(270, 9, 30, 58),
(271, 10, 1, 90),
(272, 10, 2, 7),
(273, 10, 3, 35),
(274, 10, 4, 79),
(275, 10, 5, 9),
(276, 10, 6, 36),
(277, 10, 7, 83),
(278, 10, 8, 34),
(279, 10, 9, 25),
(280, 10, 10, 99),
(281, 10, 11, 62),
(282, 10, 12, 43),
(283, 10, 13, 60),
(284, 10, 14, 90),
(285, 10, 15, 48),
(286, 10, 16, 25),
(287, 10, 17, 11),
(288, 10, 18, 17),
(289, 10, 19, 55),
(290, 10, 20, 66),
(291, 10, 21, 48),
(292, 10, 22, 36),
(293, 10, 23, 26),
(294, 10, 24, 38),
(295, 10, 25, 12),
(296, 10, 26, 87),
(297, 10, 27, 14),
(298, 10, 28, 59),
(299, 10, 29, 66),
(300, 10, 30, 69),
(301, 11, 1, 6),
(302, 11, 2, 95),
(303, 11, 3, 58),
(304, 11, 4, 34),
(305, 11, 5, 90),
(306, 11, 6, 63),
(307, 11, 7, 13),
(308, 11, 8, 4),
(309, 11, 9, 78),
(310, 11, 10, 41),
(311, 11, 11, 34),
(312, 11, 12, 85),
(313, 11, 13, 60),
(314, 11, 14, 10),
(315, 11, 15, 86),
(316, 11, 16, 24),
(317, 11, 17, 87),
(318, 11, 18, 99),
(319, 11, 19, 9),
(320, 11, 20, 37),
(321, 11, 21, 87),
(322, 11, 22, 93),
(323, 11, 23, 61),
(324, 11, 24, 19),
(325, 11, 25, 46),
(326, 11, 26, 71),
(327, 11, 27, 32),
(328, 11, 28, 17),
(329, 11, 29, 97),
(330, 11, 30, 36),
(331, 12, 1, 53),
(332, 12, 2, 92),
(333, 12, 3, 60),
(334, 12, 4, 46),
(335, 12, 5, 36),
(336, 12, 6, 45),
(337, 12, 7, 80),
(338, 12, 8, 51),
(339, 12, 9, 11),
(340, 12, 10, 50),
(341, 12, 11, 19),
(342, 12, 12, 58),
(343, 12, 13, 30),
(344, 12, 14, 20),
(345, 12, 15, 18),
(346, 12, 16, 10),
(347, 12, 17, 31),
(348, 12, 18, 9),
(349, 12, 19, 39),
(350, 12, 20, 7),
(351, 12, 21, 71),
(352, 12, 22, 95),
(353, 12, 23, 99),
(354, 12, 24, 94),
(355, 12, 25, 73),
(356, 12, 26, 6),
(357, 12, 27, 34),
(358, 12, 28, 73),
(359, 12, 29, 65),
(360, 12, 30, 21),
(361, 13, 1, 58),
(362, 13, 2, 39),
(363, 13, 3, 65),
(364, 13, 4, 32),
(365, 13, 5, 83),
(366, 13, 6, 62),
(367, 13, 7, 19),
(368, 13, 8, 83),
(369, 13, 9, 44),
(370, 13, 10, 54),
(371, 13, 11, 39),
(372, 13, 12, 59),
(373, 13, 13, 59),
(374, 13, 14, 85),
(375, 13, 15, 8),
(376, 13, 16, 52),
(377, 13, 17, 43),
(378, 13, 18, 6),
(379, 13, 19, 39),
(380, 13, 20, 77),
(381, 13, 21, 71),
(382, 13, 22, 56),
(383, 13, 23, 25),
(384, 13, 24, 51),
(385, 13, 25, 24),
(386, 13, 26, 69),
(387, 13, 27, 97),
(388, 13, 28, 65),
(389, 13, 29, 87),
(390, 13, 30, 55),
(391, 14, 1, 41),
(392, 14, 2, 77),
(393, 14, 3, 89),
(394, 14, 4, 26),
(395, 14, 5, 90),
(396, 14, 6, 62),
(397, 14, 7, 100),
(398, 14, 8, 55),
(399, 14, 9, 84),
(400, 14, 10, 65),
(401, 14, 11, 39),
(402, 14, 12, 70),
(403, 14, 13, 64),
(404, 14, 14, 1),
(405, 14, 15, 83),
(406, 14, 16, 31),
(407, 14, 17, 17),
(408, 14, 18, 44),
(409, 14, 19, 48),
(410, 14, 20, 40),
(411, 14, 21, 41),
(412, 14, 22, 20),
(413, 14, 23, 23),
(414, 14, 24, 99),
(415, 14, 25, 61),
(416, 14, 26, 25),
(417, 14, 27, 77),
(418, 14, 28, 30),
(419, 14, 29, 1),
(420, 14, 30, 60),
(421, 15, 1, 46),
(422, 15, 2, 33),
(423, 15, 3, 34),
(424, 15, 4, 3),
(425, 15, 5, 93),
(426, 15, 6, 87),
(427, 15, 7, 39),
(428, 15, 8, 52),
(429, 15, 9, 79),
(430, 15, 10, 54),
(431, 15, 11, 62),
(432, 15, 12, 63),
(433, 15, 13, 72),
(434, 15, 14, 17),
(435, 15, 15, 47),
(436, 15, 16, 6),
(437, 15, 17, 45),
(438, 15, 18, 80),
(439, 15, 19, 95),
(440, 15, 20, 56),
(441, 15, 21, 48),
(442, 15, 22, 71),
(443, 15, 23, 47),
(444, 15, 24, 19),
(445, 15, 25, 11),
(446, 15, 26, 42),
(447, 15, 27, 9),
(448, 15, 28, 92),
(449, 15, 29, 39),
(450, 15, 30, 61),
(451, 16, 1, 44),
(452, 16, 2, 79),
(453, 16, 3, 45),
(454, 16, 4, 64),
(455, 16, 5, 80),
(456, 16, 6, 3),
(457, 16, 7, 2),
(458, 16, 8, 72),
(459, 16, 9, 9),
(460, 16, 10, 84),
(461, 16, 11, 29),
(462, 16, 12, 54),
(463, 16, 13, 37),
(464, 16, 14, 77),
(465, 16, 15, 91),
(466, 16, 16, 64),
(467, 16, 17, 80),
(468, 16, 18, 89),
(469, 16, 19, 27),
(470, 16, 20, 86),
(471, 16, 21, 4),
(472, 16, 22, 34),
(473, 16, 23, 88),
(474, 16, 24, 86),
(475, 16, 25, 15),
(476, 16, 26, 29),
(477, 16, 27, 11),
(478, 16, 28, 5),
(479, 16, 29, 44),
(480, 16, 30, 16),
(481, 17, 1, 17),
(482, 17, 2, 90),
(483, 17, 3, 63),
(484, 17, 4, 71),
(485, 17, 5, 54),
(486, 17, 6, 52),
(487, 17, 7, 97),
(488, 17, 8, 11),
(489, 17, 9, 62),
(490, 17, 10, 63),
(491, 17, 11, 12),
(492, 17, 12, 40),
(493, 17, 13, 84),
(494, 17, 14, 44),
(495, 17, 15, 69),
(496, 17, 16, 66),
(497, 17, 17, 1),
(498, 17, 18, 12),
(499, 17, 19, 99),
(500, 17, 20, 51),
(501, 17, 21, 63),
(502, 17, 22, 23),
(503, 17, 23, 55),
(504, 17, 24, 28),
(505, 17, 25, 96),
(506, 17, 26, 98),
(507, 17, 27, 69),
(508, 17, 28, 69),
(509, 17, 29, 66),
(510, 17, 30, 91),
(511, 18, 1, 79),
(512, 18, 2, 79),
(513, 18, 3, 76),
(514, 18, 4, 4),
(515, 18, 5, 79),
(516, 18, 6, 27),
(517, 18, 7, 27),
(518, 18, 8, 72),
(519, 18, 9, 87),
(520, 18, 10, 25),
(521, 18, 11, 62),
(522, 18, 12, 77),
(523, 18, 13, 80),
(524, 18, 14, 62),
(525, 18, 15, 74),
(526, 18, 16, 99),
(527, 18, 17, 74),
(528, 18, 18, 38),
(529, 18, 19, 46),
(530, 18, 20, 7),
(531, 18, 21, 75),
(532, 18, 22, 10),
(533, 18, 23, 43),
(534, 18, 24, 75),
(535, 18, 25, 13),
(536, 18, 26, 47),
(537, 18, 27, 46),
(538, 18, 28, 59),
(539, 18, 29, 87),
(540, 18, 30, 61),
(541, 19, 1, 70),
(542, 19, 2, 96),
(543, 19, 3, 52),
(544, 19, 4, 87),
(545, 19, 5, 56),
(546, 19, 6, 5),
(547, 19, 7, 9),
(548, 19, 8, 95),
(549, 19, 9, 22),
(550, 19, 10, 80),
(551, 19, 11, 21),
(552, 19, 12, 53),
(553, 19, 13, 45),
(554, 19, 14, 71),
(555, 19, 15, 28),
(556, 19, 16, 17),
(557, 19, 17, 53),
(558, 19, 18, 67),
(559, 19, 19, 41),
(560, 19, 20, 99),
(561, 19, 21, 1),
(562, 19, 22, 62),
(563, 19, 23, 78),
(564, 19, 24, 43),
(565, 19, 25, 77),
(566, 19, 26, 25),
(567, 19, 27, 29),
(568, 19, 28, 54),
(569, 19, 29, 73),
(570, 19, 30, 6),
(571, 20, 1, 11),
(572, 20, 2, 21),
(573, 20, 3, 38),
(574, 20, 4, 4),
(575, 20, 5, 29),
(576, 20, 6, 100),
(577, 20, 7, 28),
(578, 20, 8, 23),
(579, 20, 9, 4),
(580, 20, 10, 27),
(581, 20, 11, 70),
(582, 20, 12, 40),
(583, 20, 13, 96),
(584, 20, 14, 56),
(585, 20, 15, 4),
(586, 20, 16, 55),
(587, 20, 17, 53),
(588, 20, 18, 86),
(589, 20, 19, 87),
(590, 20, 20, 33),
(591, 20, 21, 65),
(592, 20, 22, 47),
(593, 20, 23, 95),
(594, 20, 24, 69),
(595, 20, 25, 6),
(596, 20, 26, 7),
(597, 20, 27, 91),
(598, 20, 28, 17),
(599, 20, 29, 91),
(600, 20, 30, 2),
(601, 21, 1, 71),
(602, 21, 2, 21),
(603, 21, 3, 10),
(604, 21, 4, 55),
(605, 21, 5, 78),
(606, 21, 6, 32),
(607, 21, 7, 14),
(608, 21, 8, 32),
(609, 21, 9, 56),
(610, 21, 10, 92),
(611, 21, 11, 27),
(612, 21, 12, 7),
(613, 21, 13, 46),
(614, 21, 14, 69),
(615, 21, 15, 38),
(616, 21, 16, 78),
(617, 21, 17, 74),
(618, 21, 18, 98),
(619, 21, 19, 91),
(620, 21, 20, 7),
(621, 21, 21, 6),
(622, 21, 22, 4),
(623, 21, 23, 59),
(624, 21, 24, 78),
(625, 21, 25, 40),
(626, 21, 26, 43),
(627, 21, 27, 64),
(628, 21, 28, 21),
(629, 21, 29, 24),
(630, 21, 30, 8),
(631, 22, 1, 27),
(632, 22, 2, 87),
(633, 22, 3, 53),
(634, 22, 4, 44),
(635, 22, 5, 60),
(636, 22, 6, 60),
(637, 22, 7, 86),
(638, 22, 8, 56),
(639, 22, 9, 69),
(640, 22, 10, 41),
(641, 22, 11, 69),
(642, 22, 12, 34),
(643, 22, 13, 77),
(644, 22, 14, 75),
(645, 22, 15, 60),
(646, 22, 16, 55),
(647, 22, 17, 33),
(648, 22, 18, 43),
(649, 22, 19, 52),
(650, 22, 20, 8),
(651, 22, 21, 34),
(652, 22, 22, 97),
(653, 22, 23, 36),
(654, 22, 24, 73),
(655, 22, 25, 70),
(656, 22, 26, 2),
(657, 22, 27, 22),
(658, 22, 28, 38),
(659, 22, 29, 39),
(660, 22, 30, 33),
(661, 23, 1, 75),
(662, 23, 2, 49),
(663, 23, 3, 2),
(664, 23, 4, 16),
(665, 23, 5, 62),
(666, 23, 6, 77),
(667, 23, 7, 61),
(668, 23, 8, 25),
(669, 23, 9, 2),
(670, 23, 10, 43),
(671, 23, 11, 48),
(672, 23, 12, 84),
(673, 23, 13, 39),
(674, 23, 14, 38),
(675, 23, 15, 83),
(676, 23, 16, 12),
(677, 23, 17, 3),
(678, 23, 18, 9),
(679, 23, 19, 85),
(680, 23, 20, 38),
(681, 23, 21, 1),
(682, 23, 22, 100),
(683, 23, 23, 38),
(684, 23, 24, 81),
(685, 23, 25, 19),
(686, 23, 26, 79),
(687, 23, 27, 89),
(688, 23, 28, 57),
(689, 23, 29, 88),
(690, 23, 30, 77),
(691, 24, 1, 73),
(692, 24, 2, 47),
(693, 24, 3, 42),
(694, 24, 4, 60),
(695, 24, 5, 79),
(696, 24, 6, 90),
(697, 24, 7, 66),
(698, 24, 8, 43),
(699, 24, 9, 73),
(700, 24, 10, 21),
(701, 24, 11, 15),
(702, 24, 12, 57),
(703, 24, 13, 26),
(704, 24, 14, 48),
(705, 24, 15, 53),
(706, 24, 16, 64),
(707, 24, 17, 57),
(708, 24, 18, 88),
(709, 24, 19, 94),
(710, 24, 20, 79),
(711, 24, 21, 8),
(712, 24, 22, 56),
(713, 24, 23, 95),
(714, 24, 24, 28),
(715, 24, 25, 30),
(716, 24, 26, 34),
(717, 24, 27, 21),
(718, 24, 28, 23),
(719, 24, 29, 75),
(720, 24, 30, 27),
(721, 25, 1, 64),
(722, 25, 2, 99),
(723, 25, 3, 100),
(724, 25, 4, 31),
(725, 25, 5, 100),
(726, 25, 6, 94),
(727, 25, 7, 26),
(728, 25, 8, 89),
(729, 25, 9, 18),
(730, 25, 10, 50),
(731, 25, 11, 7),
(732, 25, 12, 28),
(733, 25, 13, 27),
(734, 25, 14, 75),
(735, 25, 15, 64),
(736, 25, 16, 26),
(737, 25, 17, 100),
(738, 25, 18, 88),
(739, 25, 19, 14),
(740, 25, 20, 61),
(741, 25, 21, 39),
(742, 25, 22, 90),
(743, 25, 23, 68),
(744, 25, 24, 80),
(745, 25, 25, 50),
(746, 25, 26, 15),
(747, 25, 27, 51),
(748, 25, 28, 36),
(749, 25, 29, 93),
(750, 25, 30, 28),
(751, 26, 1, 37),
(752, 26, 2, 86),
(753, 26, 3, 62),
(754, 26, 4, 94),
(755, 26, 5, 61),
(756, 26, 6, 30),
(757, 26, 7, 37),
(758, 26, 8, 63),
(759, 26, 9, 83),
(760, 26, 10, 28),
(761, 26, 11, 2),
(762, 26, 12, 45),
(763, 26, 13, 80),
(764, 26, 14, 74),
(765, 26, 15, 7),
(766, 26, 16, 84),
(767, 26, 17, 100),
(768, 26, 18, 93),
(769, 26, 19, 11),
(770, 26, 20, 22),
(771, 26, 21, 52),
(772, 26, 22, 46),
(773, 26, 23, 57),
(774, 26, 24, 5),
(775, 26, 25, 20),
(776, 26, 26, 68),
(777, 26, 27, 43),
(778, 26, 28, 8),
(779, 26, 29, 49),
(780, 26, 30, 59),
(781, 27, 1, 90),
(782, 27, 2, 26),
(783, 27, 3, 65),
(784, 27, 4, 60),
(785, 27, 5, 3),
(786, 27, 6, 76),
(787, 27, 7, 39),
(788, 27, 8, 70),
(789, 27, 9, 24),
(790, 27, 10, 30),
(791, 27, 11, 75),
(792, 27, 12, 68),
(793, 27, 13, 81),
(794, 27, 14, 90),
(795, 27, 15, 52),
(796, 27, 16, 7),
(797, 27, 17, 63),
(798, 27, 18, 60),
(799, 27, 19, 32),
(800, 27, 20, 19),
(801, 27, 21, 3),
(802, 27, 22, 66),
(803, 27, 23, 93),
(804, 27, 24, 27),
(805, 27, 25, 96),
(806, 27, 26, 12),
(807, 27, 27, 73),
(808, 27, 28, 89),
(809, 27, 29, 2),
(810, 27, 30, 53),
(811, 28, 1, 8),
(812, 28, 2, 99),
(813, 28, 3, 26),
(814, 28, 4, 21),
(815, 28, 5, 62),
(816, 28, 6, 85),
(817, 28, 7, 3),
(818, 28, 8, 10),
(819, 28, 9, 32),
(820, 28, 10, 73),
(821, 28, 11, 91),
(822, 28, 12, 63),
(823, 28, 13, 85),
(824, 28, 14, 45),
(825, 28, 15, 52),
(826, 28, 16, 11),
(827, 28, 17, 46),
(828, 28, 18, 99),
(829, 28, 19, 87),
(830, 28, 20, 68),
(831, 28, 21, 35),
(832, 28, 22, 74),
(833, 28, 23, 75),
(834, 28, 24, 44),
(835, 28, 25, 38),
(836, 28, 26, 53),
(837, 28, 27, 24),
(838, 28, 28, 88),
(839, 28, 29, 97),
(840, 28, 30, 18),
(841, 29, 1, 62),
(842, 29, 2, 8),
(843, 29, 3, 35),
(844, 29, 4, 29),
(845, 29, 5, 20),
(846, 29, 6, 79),
(847, 29, 7, 53),
(848, 29, 8, 91),
(849, 29, 9, 17),
(850, 29, 10, 33),
(851, 29, 11, 86),
(852, 29, 12, 46),
(853, 29, 13, 33),
(854, 29, 14, 42),
(855, 29, 15, 21),
(856, 29, 16, 58),
(857, 29, 17, 38),
(858, 29, 18, 25),
(859, 29, 19, 64),
(860, 29, 20, 27),
(861, 29, 21, 48),
(862, 29, 22, 23),
(863, 29, 23, 58),
(864, 29, 24, 34),
(865, 29, 25, 64),
(866, 29, 26, 79),
(867, 29, 27, 94),
(868, 29, 28, 54),
(869, 29, 29, 16),
(870, 29, 30, 24),
(871, 30, 1, 42),
(872, 30, 2, 1),
(873, 30, 3, 71),
(874, 30, 4, 6),
(875, 30, 5, 24),
(876, 30, 6, 28),
(877, 30, 7, 15),
(878, 30, 8, 53),
(879, 30, 9, 68),
(880, 30, 10, 11),
(881, 30, 11, 77),
(882, 30, 12, 7),
(883, 30, 13, 66),
(884, 30, 14, 33),
(885, 30, 15, 90),
(886, 30, 16, 32),
(887, 30, 17, 4),
(888, 30, 18, 68),
(889, 30, 19, 36),
(890, 30, 20, 45),
(891, 30, 21, 60),
(892, 30, 22, 22),
(893, 30, 23, 28),
(894, 30, 24, 10),
(895, 30, 25, 8),
(896, 30, 26, 25),
(897, 30, 27, 53),
(898, 30, 28, 37),
(899, 30, 29, 91),
(900, 30, 30, 12),
(901, 31, 1, 62),
(902, 31, 2, 29),
(903, 31, 3, 19),
(904, 31, 4, 11),
(905, 31, 5, 70),
(906, 31, 6, 43),
(907, 31, 7, 29),
(908, 31, 8, 55),
(909, 31, 9, 17),
(910, 31, 10, 37),
(911, 31, 11, 53),
(912, 31, 12, 32),
(913, 31, 13, 72),
(914, 31, 14, 93),
(915, 31, 15, 44),
(916, 31, 16, 54),
(917, 31, 17, 78),
(918, 31, 18, 9),
(919, 31, 19, 85),
(920, 31, 20, 11),
(921, 31, 21, 58),
(922, 31, 22, 5),
(923, 31, 23, 7),
(924, 31, 24, 99),
(925, 31, 25, 76),
(926, 31, 26, 84),
(927, 31, 27, 73),
(928, 31, 28, 8),
(929, 31, 29, 35),
(930, 31, 30, 12),
(931, 32, 1, 91),
(932, 32, 2, 54),
(933, 32, 3, 9),
(934, 32, 4, 10),
(935, 32, 5, 33),
(936, 32, 6, 15),
(937, 32, 7, 71),
(938, 32, 8, 11),
(939, 32, 9, 15),
(940, 32, 10, 60),
(941, 32, 11, 37),
(942, 32, 12, 42),
(943, 32, 13, 91),
(944, 32, 14, 60),
(945, 32, 15, 54),
(946, 32, 16, 35),
(947, 32, 17, 64),
(948, 32, 18, 97),
(949, 32, 19, 17),
(950, 32, 20, 63),
(951, 32, 21, 88),
(952, 32, 22, 18),
(953, 32, 23, 26),
(954, 32, 24, 70),
(955, 32, 25, 53),
(956, 32, 26, 84),
(957, 32, 27, 44),
(958, 32, 28, 30),
(959, 32, 29, 73),
(960, 32, 30, 62),
(961, 33, 1, 29),
(962, 33, 2, 46),
(963, 33, 3, 79),
(964, 33, 4, 68),
(965, 33, 5, 49),
(966, 33, 6, 75),
(967, 33, 7, 71),
(968, 33, 8, 18),
(969, 33, 9, 1),
(970, 33, 10, 78),
(971, 33, 11, 73),
(972, 33, 12, 90),
(973, 33, 13, 67),
(974, 33, 14, 57),
(975, 33, 15, 99),
(976, 33, 16, 84),
(977, 33, 17, 62),
(978, 33, 18, 72),
(979, 33, 19, 33),
(980, 33, 20, 51),
(981, 33, 21, 11),
(982, 33, 22, 89),
(983, 33, 23, 38),
(984, 33, 24, 58),
(985, 33, 25, 15),
(986, 33, 26, 11),
(987, 33, 27, 41),
(988, 33, 28, 37),
(989, 33, 29, 37),
(990, 33, 30, 91),
(991, 34, 1, 45),
(992, 34, 2, 9),
(993, 34, 3, 56),
(994, 34, 4, 69),
(995, 34, 5, 95),
(996, 34, 6, 30),
(997, 34, 7, 22),
(998, 34, 8, 49),
(999, 34, 9, 53),
(1000, 34, 10, 36),
(1001, 34, 11, 17),
(1002, 34, 12, 80),
(1003, 34, 13, 17),
(1004, 34, 14, 74),
(1005, 34, 15, 35),
(1006, 34, 16, 41),
(1007, 34, 17, 56),
(1008, 34, 18, 12),
(1009, 34, 19, 69),
(1010, 34, 20, 70),
(1011, 34, 21, 89),
(1012, 34, 22, 95),
(1013, 34, 23, 56),
(1014, 34, 24, 52),
(1015, 34, 25, 9),
(1016, 34, 26, 31),
(1017, 34, 27, 87),
(1018, 34, 28, 22),
(1019, 34, 29, 28),
(1020, 34, 30, 72),
(1021, 35, 1, 21),
(1022, 35, 2, 7),
(1023, 35, 3, 72),
(1024, 35, 4, 26),
(1025, 35, 5, 64),
(1026, 35, 6, 34),
(1027, 35, 7, 59),
(1028, 35, 8, 88),
(1029, 35, 9, 8),
(1030, 35, 10, 24),
(1031, 35, 11, 3),
(1032, 35, 12, 41),
(1033, 35, 13, 10),
(1034, 35, 14, 89),
(1035, 35, 15, 65),
(1036, 35, 16, 66),
(1037, 35, 17, 65),
(1038, 35, 18, 35),
(1039, 35, 19, 42),
(1040, 35, 20, 31),
(1041, 35, 21, 82),
(1042, 35, 22, 16),
(1043, 35, 23, 42),
(1044, 35, 24, 60),
(1045, 35, 25, 12),
(1046, 35, 26, 18),
(1047, 35, 27, 15),
(1048, 35, 28, 28),
(1049, 35, 29, 38),
(1050, 35, 30, 90),
(1051, 36, 1, 22),
(1052, 36, 2, 50),
(1053, 36, 3, 58),
(1054, 36, 4, 87),
(1055, 36, 5, 34),
(1056, 36, 6, 61),
(1057, 36, 7, 64),
(1058, 36, 8, 77),
(1059, 36, 9, 18),
(1060, 36, 10, 54),
(1061, 36, 11, 71),
(1062, 36, 12, 78),
(1063, 36, 13, 38),
(1064, 36, 14, 72),
(1065, 36, 15, 1),
(1066, 36, 16, 32),
(1067, 36, 17, 38),
(1068, 36, 18, 12),
(1069, 36, 19, 73),
(1070, 36, 20, 18),
(1071, 36, 21, 49),
(1072, 36, 22, 58),
(1073, 36, 23, 22),
(1074, 36, 24, 89),
(1075, 36, 25, 88),
(1076, 36, 26, 24),
(1077, 36, 27, 3),
(1078, 36, 28, 75),
(1079, 36, 29, 100),
(1080, 36, 30, 50),
(1081, 37, 1, 81),
(1082, 37, 2, 63),
(1083, 37, 3, 55),
(1084, 37, 4, 60),
(1085, 37, 5, 26),
(1086, 37, 6, 70),
(1087, 37, 7, 55),
(1088, 37, 8, 81),
(1089, 37, 9, 12),
(1090, 37, 10, 14),
(1091, 37, 11, 53),
(1092, 37, 12, 49),
(1093, 37, 13, 48),
(1094, 37, 14, 65),
(1095, 37, 15, 61),
(1096, 37, 16, 37),
(1097, 37, 17, 13),
(1098, 37, 18, 83),
(1099, 37, 19, 31),
(1100, 37, 20, 10),
(1101, 37, 21, 43),
(1102, 37, 22, 18),
(1103, 37, 23, 82),
(1104, 37, 24, 72),
(1105, 37, 25, 72),
(1106, 37, 26, 55),
(1107, 37, 27, 5),
(1108, 37, 28, 62),
(1109, 37, 29, 41),
(1110, 37, 30, 33),
(1111, 38, 1, 94),
(1112, 38, 2, 53),
(1113, 38, 3, 80),
(1114, 38, 4, 80),
(1115, 38, 5, 91),
(1116, 38, 6, 45),
(1117, 38, 7, 15),
(1118, 38, 8, 36),
(1119, 38, 9, 28),
(1120, 38, 10, 75),
(1121, 38, 11, 65),
(1122, 38, 12, 65),
(1123, 38, 13, 100),
(1124, 38, 14, 64),
(1125, 38, 15, 57),
(1126, 38, 16, 77),
(1127, 38, 17, 84),
(1128, 38, 18, 30),
(1129, 38, 19, 39),
(1130, 38, 20, 60),
(1131, 38, 21, 42),
(1132, 38, 22, 18),
(1133, 38, 23, 47),
(1134, 38, 24, 40),
(1135, 38, 25, 100),
(1136, 38, 26, 67),
(1137, 38, 27, 77),
(1138, 38, 28, 8),
(1139, 38, 29, 15),
(1140, 38, 30, 31),
(1141, 39, 1, 2),
(1142, 39, 2, 31),
(1143, 39, 3, 19),
(1144, 39, 4, 24),
(1145, 39, 5, 90),
(1146, 39, 6, 87),
(1147, 39, 7, 13),
(1148, 39, 8, 53),
(1149, 39, 9, 79),
(1150, 39, 10, 98),
(1151, 39, 11, 24),
(1152, 39, 12, 38),
(1153, 39, 13, 59),
(1154, 39, 14, 10),
(1155, 39, 15, 27),
(1156, 39, 16, 86),
(1157, 39, 17, 15),
(1158, 39, 18, 89),
(1159, 39, 19, 12),
(1160, 39, 20, 17),
(1161, 39, 21, 86),
(1162, 39, 22, 37),
(1163, 39, 23, 41),
(1164, 39, 24, 51),
(1165, 39, 25, 13),
(1166, 39, 26, 23),
(1167, 39, 27, 11),
(1168, 39, 28, 48),
(1169, 39, 29, 84),
(1170, 39, 30, 21),
(1171, 40, 1, 79),
(1172, 40, 2, 17),
(1173, 40, 3, 95),
(1174, 40, 4, 90),
(1175, 40, 5, 86),
(1176, 40, 6, 8),
(1177, 40, 7, 31),
(1178, 40, 8, 18),
(1179, 40, 9, 35),
(1180, 40, 10, 72),
(1181, 40, 11, 8),
(1182, 40, 12, 48),
(1183, 40, 13, 36),
(1184, 40, 14, 11),
(1185, 40, 15, 77),
(1186, 40, 16, 36),
(1187, 40, 17, 85),
(1188, 40, 18, 62),
(1189, 40, 19, 10),
(1190, 40, 20, 9),
(1191, 40, 21, 35),
(1192, 40, 22, 55),
(1193, 40, 23, 67),
(1194, 40, 24, 80),
(1195, 40, 25, 73),
(1196, 40, 26, 98),
(1197, 40, 27, 17),
(1198, 40, 28, 27),
(1199, 40, 29, 19),
(1200, 40, 30, 42),
(1201, 41, 1, 26),
(1202, 41, 2, 22),
(1203, 41, 3, 17),
(1204, 41, 4, 54),
(1205, 41, 5, 78),
(1206, 41, 6, 56),
(1207, 41, 7, 64),
(1208, 41, 8, 12),
(1209, 41, 9, 85),
(1210, 41, 10, 62),
(1211, 41, 11, 58),
(1212, 41, 12, 22),
(1213, 41, 13, 24),
(1214, 41, 14, 84),
(1215, 41, 15, 66),
(1216, 41, 16, 98),
(1217, 41, 17, 52),
(1218, 41, 18, 57),
(1219, 41, 19, 20),
(1220, 41, 20, 45),
(1221, 41, 21, 26),
(1222, 41, 22, 22),
(1223, 41, 23, 51),
(1224, 41, 24, 87),
(1225, 41, 25, 65),
(1226, 41, 26, 34),
(1227, 41, 27, 26),
(1228, 41, 28, 13),
(1229, 41, 29, 79),
(1230, 41, 30, 13),
(1231, 42, 1, 53),
(1232, 42, 2, 7),
(1233, 42, 3, 46),
(1234, 42, 4, 31),
(1235, 42, 5, 93),
(1236, 42, 6, 81),
(1237, 42, 7, 28),
(1238, 42, 8, 13),
(1239, 42, 9, 35),
(1240, 42, 10, 1),
(1241, 42, 11, 57),
(1242, 42, 12, 51),
(1243, 42, 13, 53),
(1244, 42, 14, 8),
(1245, 42, 15, 1),
(1246, 42, 16, 85),
(1247, 42, 17, 80),
(1248, 42, 18, 39),
(1249, 42, 19, 27),
(1250, 42, 20, 20),
(1251, 42, 21, 82),
(1252, 42, 22, 84),
(1253, 42, 23, 84),
(1254, 42, 24, 79),
(1255, 42, 25, 40),
(1256, 42, 26, 50),
(1257, 42, 27, 49),
(1258, 42, 28, 75),
(1259, 42, 29, 68),
(1260, 42, 30, 65),
(1261, 43, 1, 35),
(1262, 43, 2, 65),
(1263, 43, 3, 64),
(1264, 43, 4, 60),
(1265, 43, 5, 21),
(1266, 43, 6, 80),
(1267, 43, 7, 91),
(1268, 43, 8, 34),
(1269, 43, 9, 41),
(1270, 43, 10, 48),
(1271, 43, 11, 17),
(1272, 43, 12, 23),
(1273, 43, 13, 73),
(1274, 43, 14, 21),
(1275, 43, 15, 63),
(1276, 43, 16, 8),
(1277, 43, 17, 26),
(1278, 43, 18, 24),
(1279, 43, 19, 21),
(1280, 43, 20, 77),
(1281, 43, 21, 70),
(1282, 43, 22, 92),
(1283, 43, 23, 16),
(1284, 43, 24, 76),
(1285, 43, 25, 86),
(1286, 43, 26, 97),
(1287, 43, 27, 12),
(1288, 43, 28, 72),
(1289, 43, 29, 15),
(1290, 43, 30, 83),
(1291, 44, 1, 6),
(1292, 44, 2, 51),
(1293, 44, 3, 9),
(1294, 44, 4, 97),
(1295, 44, 5, 88),
(1296, 44, 6, 88),
(1297, 44, 7, 55),
(1298, 44, 8, 29),
(1299, 44, 9, 2),
(1300, 44, 10, 57),
(1301, 44, 11, 38),
(1302, 44, 12, 89),
(1303, 44, 13, 81),
(1304, 44, 14, 82),
(1305, 44, 15, 45),
(1306, 44, 16, 60),
(1307, 44, 17, 55),
(1308, 44, 18, 88),
(1309, 44, 19, 14),
(1310, 44, 20, 19),
(1311, 44, 21, 78),
(1312, 44, 22, 9),
(1313, 44, 23, 59),
(1314, 44, 24, 30),
(1315, 44, 25, 9),
(1316, 44, 26, 79),
(1317, 44, 27, 25),
(1318, 44, 28, 43),
(1319, 44, 29, 21),
(1320, 44, 30, 80),
(1321, 45, 1, 14),
(1322, 45, 2, 22),
(1323, 45, 3, 6),
(1324, 45, 4, 82),
(1325, 45, 5, 66),
(1326, 45, 6, 28),
(1327, 45, 7, 50),
(1328, 45, 8, 96),
(1329, 45, 9, 55),
(1330, 45, 10, 90),
(1331, 45, 11, 43),
(1332, 45, 12, 34),
(1333, 45, 13, 9),
(1334, 45, 14, 88),
(1335, 45, 15, 72),
(1336, 45, 16, 37),
(1337, 45, 17, 52),
(1338, 45, 18, 16),
(1339, 45, 19, 90),
(1340, 45, 20, 39),
(1341, 45, 21, 27),
(1342, 45, 22, 45),
(1343, 45, 23, 9),
(1344, 45, 24, 30),
(1345, 45, 25, 35),
(1346, 45, 26, 34),
(1347, 45, 27, 99),
(1348, 45, 28, 39),
(1349, 45, 29, 38),
(1350, 45, 30, 69),
(1351, 46, 1, 38),
(1352, 46, 2, 91),
(1353, 46, 3, 70),
(1354, 46, 4, 36),
(1355, 46, 5, 90),
(1356, 46, 6, 66),
(1357, 46, 7, 12),
(1358, 46, 8, 87),
(1359, 46, 9, 65),
(1360, 46, 10, 24),
(1361, 46, 11, 57),
(1362, 46, 12, 31),
(1363, 46, 13, 6),
(1364, 46, 14, 37),
(1365, 46, 15, 15),
(1366, 46, 16, 83),
(1367, 46, 17, 41),
(1368, 46, 18, 49),
(1369, 46, 19, 19),
(1370, 46, 20, 45),
(1371, 46, 21, 36),
(1372, 46, 22, 1),
(1373, 46, 23, 40),
(1374, 46, 24, 3),
(1375, 46, 25, 52),
(1376, 46, 26, 41),
(1377, 46, 27, 61),
(1378, 46, 28, 33),
(1379, 46, 29, 88),
(1380, 46, 30, 7),
(1381, 47, 1, 83),
(1382, 47, 2, 100),
(1383, 47, 3, 52),
(1384, 47, 4, 25),
(1385, 47, 5, 32),
(1386, 47, 6, 57),
(1387, 47, 7, 98),
(1388, 47, 8, 87),
(1389, 47, 9, 76),
(1390, 47, 10, 64),
(1391, 47, 11, 37),
(1392, 47, 12, 56),
(1393, 47, 13, 26),
(1394, 47, 14, 23),
(1395, 47, 15, 18),
(1396, 47, 16, 19),
(1397, 47, 17, 77),
(1398, 47, 18, 47),
(1399, 47, 19, 16),
(1400, 47, 20, 61),
(1401, 47, 21, 78),
(1402, 47, 22, 35),
(1403, 47, 23, 5),
(1404, 47, 24, 58),
(1405, 47, 25, 61),
(1406, 47, 26, 68),
(1407, 47, 27, 55),
(1408, 47, 28, 14),
(1409, 47, 29, 86),
(1410, 47, 30, 41),
(1411, 48, 1, 37),
(1412, 48, 2, 91),
(1413, 48, 3, 65),
(1414, 48, 4, 63),
(1415, 48, 5, 70),
(1416, 48, 6, 45),
(1417, 48, 7, 68),
(1418, 48, 8, 25),
(1419, 48, 9, 72),
(1420, 48, 10, 13),
(1421, 48, 11, 86),
(1422, 48, 12, 15),
(1423, 48, 13, 2),
(1424, 48, 14, 99),
(1425, 48, 15, 74),
(1426, 48, 16, 52),
(1427, 48, 17, 89),
(1428, 48, 18, 78),
(1429, 48, 19, 97),
(1430, 48, 20, 22),
(1431, 48, 21, 97),
(1432, 48, 22, 50),
(1433, 48, 23, 55),
(1434, 48, 24, 33),
(1435, 48, 25, 60),
(1436, 48, 26, 55),
(1437, 48, 27, 57),
(1438, 48, 28, 5),
(1439, 48, 29, 92),
(1440, 48, 30, 84),
(1441, 49, 1, 5),
(1442, 49, 2, 23),
(1443, 49, 3, 58),
(1444, 49, 4, 87),
(1445, 49, 5, 21),
(1446, 49, 6, 26),
(1447, 49, 7, 100),
(1448, 49, 8, 60),
(1449, 49, 9, 77),
(1450, 49, 10, 79),
(1451, 49, 11, 6),
(1452, 49, 12, 49),
(1453, 49, 13, 35),
(1454, 49, 14, 10),
(1455, 49, 15, 21),
(1456, 49, 16, 57),
(1457, 49, 17, 44),
(1458, 49, 18, 100),
(1459, 49, 19, 85),
(1460, 49, 20, 60),
(1461, 49, 21, 13),
(1462, 49, 22, 39),
(1463, 49, 23, 77),
(1464, 49, 24, 44),
(1465, 49, 25, 33),
(1466, 49, 26, 37),
(1467, 49, 27, 38),
(1468, 49, 28, 62),
(1469, 49, 29, 82),
(1470, 49, 30, 77),
(1471, 50, 1, 89),
(1472, 50, 2, 16),
(1473, 50, 3, 88),
(1474, 50, 4, 62),
(1475, 50, 5, 74),
(1476, 50, 6, 8),
(1477, 50, 7, 17),
(1478, 50, 8, 10),
(1479, 50, 9, 42),
(1480, 50, 10, 21),
(1481, 50, 11, 16),
(1482, 50, 12, 53),
(1483, 50, 13, 13),
(1484, 50, 14, 37),
(1485, 50, 15, 77),
(1486, 50, 16, 16),
(1487, 50, 17, 77),
(1488, 50, 18, 20),
(1489, 50, 19, 61),
(1490, 50, 20, 84),
(1491, 50, 21, 59),
(1492, 50, 22, 16),
(1493, 50, 23, 99),
(1494, 50, 24, 75),
(1495, 50, 25, 47),
(1496, 50, 26, 55),
(1497, 50, 27, 74),
(1498, 50, 28, 77),
(1499, 50, 29, 11),
(1500, 50, 30, 89);

-- --------------------------------------------------------

--
-- Table structure for table `Product`
--

DROP TABLE IF EXISTS `Product`;
CREATE TABLE IF NOT EXISTS `Product` (
`id` int(11) NOT NULL,
  `name` varchar(512) NOT NULL,
  `price` decimal(5,2) NOT NULL,
  `kind` varchar(32) NOT NULL,
  `image_path` varchar(256) NOT NULL,
  `description` varchar(256) DEFAULT NULL
) ENGINE=InnoDB AUTO_INCREMENT=32 DEFAULT CHARSET=latin1;

--
-- Dumping data for table `Product`
--

INSERT INTO `Product` (`id`, `name`, `price`, `kind`, `image_path`, `description`) VALUES
(1, 'Coca-Cola Regular Fridge Pack', 16.00, 'Beverage', '/Users/product/coke.jpg,', 'Coca-Cola 12 Pack 12 cans per pack'),
(2, 'Pepsi Bottle (8 Count 12 Fl Oz Each)', 3.99, 'Beverage', '/Users/product/pepsi.jpg,', '8-Pack of 12 Fluid Ounce Bottles'),
(3, 'Mountain Dew Cans (12 Count 12 Fl Oz Each)', 4.48, 'Beverage', '/Users/product/mtn.jpg,', 'The only soda with Dew in it'),
(4, 'Diet Mountain Dew Bottle (8 Count 12 Fl Oz Each)', 3.99, 'Beverage', '/Users/product/diet_mtn.jpg,', '0-Calorie Carbonated Soft Drink'),
(5, 'Apple iPhone 5s Space Gray 16GB (Unlocked)', 549.00, 'Electronics', '/Users/product/ip5.jpg,', '8MP iSight camera with True Tone flash and 1080p HD video recording'),
(6, 'Apple iPhone 6 Space Gray 16 GB (Unlocked)', 712.00, 'Electronics', '/Users/product/ip6.jpg,', 'Apple Pay will change how you make purchases with breakthrough contactless payment technology and unique security features built right into the devices you have with you every day'),
(7, 'PlayStation 4 Console', 399.00, 'Electronics', '/Users/product/ps4.jpg,', 'PlayStation 4 lets you instantly share images and videos of your favorite gameplay moments on Facebook with a single press of the share button on the Dualshock 4 controller'),
(8, 'Xbox One Assassin''s Creed Unity Bundle', 343.99, 'Electronics', '/Users/product/xbox.jpg,', 'Xbox One brings together games live TV and your favorite entertainment apps'),
(9, 'Amazon Fire TV', 99.00, 'Electronics', '/Users/product/amazon.jpg,/Users/product/amazon2.png,/Users/product/amazon3.png,,', 'Amazon Fire TV is a tiny box you connect to your HDTV.'),
(10, 'Pringles Sour Cream and Onion Super Stack 5.96 Ounce (Pack of 14)', 23.52, 'Food', '/Users/product/pringles.jpg,', 'Pay as low as $19.99 ($0.24 / Ounce) and never run out with Subscribe & Save'),
(11, 'Haribo Gummi Candy Gold-Bears 5-pound Bag', 14.86, 'Food', '/Users/product/haribo.jpg,', 'One 5-pound bag containing approximately 985 pieces'),
(12, 'Cadbury Easter Creme Eggs 4-Count Boxes (Pack of 6)', 34.99, 'Food', '/Users/product/cadbury.jpg,', 'Take a walk down memory lane with the original Cadbury Cr?e Egg candy'),
(13, 'Lindt GOLD BUNNY - Milk Chocolate 3.5 Ounce', 7.99, 'Food', '/Users/product/lindt.jpg,', 'Contains: One milk chocolate Lindt GOLD BUNNY'),
(14, 'Ferrero Rocher Flat 48 Count', 16.24, 'Food', '/Users/product/ferrero.jpg,', 'Make loved ones feel special every day with Ferrero Rocher Confections'),
(15, 'Doritos Flavored Tortilla Chips Party Size Nacho Cheese 15.5 Ounce', 3.98, 'Food', '/Users/product/doritos.jpg,', 'Tortilla chips flavored with nacho cheese'),
(16, 'Lay''s Potato Chips Party Size Classic 15.75 Ounce', 2.48, 'Food', '/Users/product/lays.jpg,', 'Original flavor potato chips in a larger party size package'),
(17, 'Baby''s Only Organic Dairy with DHA & ARA Formula 12.7 Ounce', 14.92, 'Food', '/Users/product/baby.jpg,', 'Contains a true organic-compliant DHA & ARA lipids naturally derived from egg phospholipids achieving a more natural fatty acid profile'),
(18, 'Gerber Good Start Gentle Powder Infant Formula 23.2 Ounce', 28.89, 'Food', '/Users/product/gerber.jpg,', 'Inspired by the complete nutrition and gentleness of breastmilk with Comfort Proteins small proteins for little tummies that are easy to digest and promote soft stools'),
(19, 'KIND Nuts & Spices Dark Chocolate Nuts & Sea Salt 1.4 Ounce 12 Count', 14.23, 'Food', '/Users/product/kind.jpg,', 'Sweet and salty blend of almonds peanuts and walnuts drizzled in chocolate with a touch of sea salt'),
(20, 'Pepperidge Farm Goldfish Cheddar 30 Oz', 7.48, 'Food', '/Users/product/goldfish.jpg,', 'High Quality Premium Snacks baked with Real Cheese'),
(21, 'Sunshine Cheez-It Original Baked Snack Crackers 12.4 Ounce', 6.34, 'Food', '/Users/product/cheez_it.jpg,', 'Contains 100% real cheese and is made with skim milk'),
(22, 'Tide Free And Gentle High Efficiency Liquid Laundry Detergent 50 Fl Oz (Pack of 2)', 11.97, 'House Supplies', '/Users/product/tide_free.jpg,', 'Tide HE free and gentle liquid laundry detergent has been specially designed for sensitive skin'),
(23, 'Tide Original Scent High Efficiency Liquid Laundry Detergent  50 Fl Oz (Pack of 2)', 11.99, 'House Supplies', '/Users/product/tide_original.jpg,', 'Phosphate-free and made of biodegradable soaps; safe for septic systems and packaging is recyclable'),
(24, 'Mr. Clean Multi-Surfaces Liquid with Febreze Freshness Meadows and Rain 40-Fluid Ounces', 2.97, 'House Supplies', '/Users/product/clean.jpg,', 'Powerful multi-surface cleaning'),
(25, 'Seventh Generation Fabric Softener Sheets Free and Clear 80 Count', 4.89, 'House Supplies', '/Users/product/seventh.jpg,', 'Softens and reduces static cling leaving your clothes feeling good and looking great'),
(26, 'Method 8X Concentrated Laundry Detergent Free & Clear 85 Loads', 17.27, 'House Supplies', '/Users/product/method.jpg,', 'Method laundry detergent is smarter easier + greener'),
(27, 'Dove Beauty Bar Sensitive Skin 4 oz 8 Bar', 8.68, 'Personal Care', '/Users/product/dove_bar.jpg,', 'Dove is the #1 cleansing bar recommended by dermatologists and pediatricians'),
(28, 'Dove Body Wash Sensitive Skin 24 oz', 5.01, 'Personal Care', '/Users/product/dove.jpg,', 'An improved formula provides our proven best care: our mildest cleansers ever a rich lather and a clean rinse to leave your skin feeling soft and smooth'),
(29, 'Dove Men Plus Care Body Wash Deep Clean 13.5 Ounce', 4.99, 'Personal Care', '/Users/product/dove_man.jpg,', 'For best results use with dove men + care active clean shower tool'),
(30, 'Nivea Men Relax Body Wash 16.9 Ounce', 3.99, 'Personal Care', '/Users/product/nivea.jpg,', 'Relaxes with micro particles'),
(31, 'Apple MacBook 13.3-Inch Laptop with Retina Display (128 GB)', 999.99, 'Electronics', '/Users/product/macbook.jpg,,', '2.7 GHz dual-core Intel Core i5 processor (Turbo Boost up to 3.1GHz) with 3MB shared L3 cache.8 GB 1866 MHz LPDDR3 RAM; 128 GB PCIe-based flash storage.\r\n13.3-inch IPS Retina Display, 2560-by-1600 resolution\r\nIntel Iris Graphics 6100\r\nOS X Yosemite, Up to ');

-- --------------------------------------------------------

--
-- Table structure for table `Region`
--

DROP TABLE IF EXISTS `Region`;
CREATE TABLE IF NOT EXISTS `Region` (
`id` int(11) NOT NULL,
  `name` varchar(45) NOT NULL
) ENGINE=InnoDB AUTO_INCREMENT=9 DEFAULT CHARSET=latin1;

--
-- Dumping data for table `Region`
--

INSERT INTO `Region` (`id`, `name`) VALUES
(1, 'NorthEast'),
(2, 'NorthWest'),
(3, 'SouthEast'),
(4, 'SouthWest'),
(5, 'Pacific'),
(6, 'Atlantic'),
(7, 'Center'),
(8, 'Overseas');

-- --------------------------------------------------------

--
-- Table structure for table `RegionManager`
--

DROP TABLE IF EXISTS `RegionManager`;
CREATE TABLE IF NOT EXISTS `RegionManager` (
`id` int(11) NOT NULL,
  `region_id` int(11) NOT NULL,
  `sales_id` int(11) NOT NULL
) ENGINE=InnoDB AUTO_INCREMENT=9 DEFAULT CHARSET=latin1;

--
-- Dumping data for table `RegionManager`
--

INSERT INTO `RegionManager` (`id`, `region_id`, `sales_id`) VALUES
(1, 1, 1),
(2, 2, 2),
(3, 3, 3),
(4, 4, 4),
(5, 5, 5),
(6, 6, 6),
(7, 7, 7),
(8, 8, 8);

-- --------------------------------------------------------

--
-- Table structure for table `Salesperson`
--

DROP TABLE IF EXISTS `Salesperson`;
CREATE TABLE IF NOT EXISTS `Salesperson` (
`id` int(11) NOT NULL,
  `name` varchar(45) NOT NULL,
  `address` varchar(45) NOT NULL,
  `email` varchar(45) NOT NULL
) ENGINE=InnoDB AUTO_INCREMENT=101 DEFAULT CHARSET=latin1;

--
-- Dumping data for table `Salesperson`
--

INSERT INTO `Salesperson` (`id`, `name`, `address`, `email`) VALUES
(1, 'Bruce Mitchell', '8 Emmet Parkway', 'bmitchell0@who.int'),
(2, 'Terry Carter', '62574 Moose Pass', 'tcarter1@360.cn'),
(3, 'Bonnie Stevens', '145 Fisk Point', 'bstevens2@howstuffworks.com'),
(4, 'Elizabeth Hamilton', '2 Beilfuss Drive', 'ehamilton3@360.cn'),
(5, 'Gregory Williamson', '4 Fairfield Drive', 'gwilliamson4@newsvine.com'),
(6, 'Angela Ray', '90921 Lindbergh Road', 'aray5@nih.gov'),
(7, 'Jimmy Murphy', '6881 Morningstar Hill', 'jmurphy6@imageshack.us'),
(8, 'Joseph Butler', '39 Ilene Way', 'jbutler7@bravesites.com'),
(9, 'Julia Rogers', '825 Oak Valley Junction', 'jrogers8@oracle.com'),
(10, 'Wayne Medina', '950 Dottie Hill', 'wmedina9@discuz.net'),
(11, 'Ruby Fields', '769 Monica Center', 'rfieldsa@google.com'),
(12, 'Janet Jacobs', '1 Mallard Alley', 'jjacobsb@census.gov'),
(13, 'Randy Fernandez', '52240 Northridge Center', 'rfernandezc@unblog.fr'),
(14, 'Scott Richards', '68 Eastwood Park', 'srichardsd@hibu.com'),
(15, 'Frances Walker', '11 Tomscot Pass', 'fwalkere@home.pl'),
(16, 'Lisa Wilson', '87020 Burning Wood Way', 'lwilsonf@sina.com.cn'),
(17, 'Louise Russell', '1260 Northview Junction', 'lrussellg@weibo.com'),
(18, 'Justin Chavez', '634 Namekagon Alley', 'jchavezh@ovh.net'),
(19, 'Richard Perry', '1446 Longview Trail', 'rperryi@moonfruit.com'),
(20, 'Arthur James', '6 American Ash Road', 'ajamesj@a8.net'),
(21, 'Paul Lee', '1 Nancy Road', 'pleek@surveymonkey.com'),
(22, 'Marie Schmidt', '281 Arapahoe Point', 'mschmidtl@zdnet.com'),
(23, 'Harold Black', '27118 Debs Trail', 'hblackm@columbia.edu'),
(24, 'Linda Hunt', '951 Harbort Alley', 'lhuntn@sakura.ne.jp'),
(25, 'Annie Torres', '3376 Farmco Road', 'atorreso@google.com'),
(26, 'Betty Little', '14089 Eastwood Plaza', 'blittlep@trellian.com'),
(27, 'Kathleen Thomas', '72455 Vidon Crossing', 'kthomasq@intel.com'),
(28, 'Charles Hall', '5 Fieldstone Circle', 'challr@amazon.de'),
(29, 'Rebecca Green', '4361 Grasskamp Drive', 'rgreens@google.co.uk'),
(30, 'Ruby Fowler', '25 Twin Pines Plaza', 'rfowlert@technorati.com'),
(31, 'Raymond Duncan', '1586 Fairview Alley', 'rduncanu@go.com'),
(32, 'Chris Morrison', '6237 Dawn Street', 'cmorrisonv@topsy.com'),
(33, 'Kimberly Hill', '2 Swallow Park', 'khillw@hp.com'),
(34, 'Thomas Gilbert', '36 American Way', 'tgilbertx@trellian.com'),
(35, 'Joan Graham', '638 Mifflin Drive', 'jgrahamy@twitter.com'),
(36, 'Dennis Clark', '812 Buell Park', 'dclarkz@arizona.edu'),
(37, 'Billy Cook', '1946 Grasskamp Way', 'bcook10@time.com'),
(38, 'Diana Long', '0809 Brickson Park Drive', 'dlong11@census.gov'),
(39, 'Steven Lopez', '71 Fordem Street', 'slopez12@google.ca'),
(40, 'Keith Young', '2684 Maywood Way', 'kyoung13@bravesites.com'),
(41, 'David Warren', '226 Forster Avenue', 'dwarren14@constantcontact.com'),
(42, 'Walter Lopez', '5110 Mccormick Terrace', 'wlopez15@furl.net'),
(43, 'Amanda Wright', '0937 Sundown Trail', 'awright16@wordpress.org'),
(44, 'Kevin Lee', '61128 Lerdahl Street', 'klee17@discuz.net'),
(45, 'Willie Rice', '842 Sherman Hill', 'wrice18@dagondesign.com'),
(46, 'Cheryl Cook', '2 Lukken Park', 'ccook19@vistaprint.com'),
(47, 'Ronald Grant', '33 Mallard Way', 'rgrant1a@fc2.com'),
(48, 'Stephen Carter', '5651 Knutson Terrace', 'scarter1b@bing.com'),
(49, 'Kimberly Hart', '58 Oxford Alley', 'khart1c@friendfeed.com'),
(50, 'Susan Ramirez', '98915 Cordelia Way', 'sramirez1d@wufoo.com'),
(51, 'Jessica Hawkins', '800 Old Gate Terrace', 'jhawkins1e@usgs.gov'),
(52, 'Carol Henderson', '68446 7th Pass', 'chenderson1f@hc360.com'),
(53, 'Beverly Daniels', '6343 Florence Pass', 'bdaniels1g@artisteer.com'),
(54, 'Douglas Roberts', '2429 Hoard Point', 'droberts1h@histats.com'),
(55, 'Stephanie Wallace', '0 Cottonwood Court', 'swallace1i@ask.com'),
(56, 'Ashley Reyes', '8 Holy Cross Way', 'areyes1j@yellowbook.com'),
(57, 'Larry Bradley', '62057 Lindbergh Road', 'lbradley1k@flavors.me'),
(58, 'Johnny Long', '4 Farwell Circle', 'jlong1l@cbsnews.com'),
(59, 'Deborah Webb', '291 Nova Road', 'dwebb1m@wufoo.com'),
(60, 'James Matthews', '3 Hollow Ridge Pass', 'jmatthews1n@addtoany.com'),
(61, 'Jose Hawkins', '8 Forest Run Center', 'jhawkins1o@phpbb.com'),
(62, 'Shawn Ramos', '0 Jackson Lane', 'sramos1p@sciencedirect.com'),
(63, 'Douglas Webb', '758 Mesta Park', 'dwebb1q@cam.ac.uk'),
(64, 'Aaron Little', '5 Nova Street', 'alittle1r@shutterfly.com'),
(65, 'Stephen Howell', '622 Starling Hill', 'showell1s@biglobe.ne.jp'),
(66, 'Margaret Mcdonald', '7 Springs Road', 'mmcdonald1t@blogs.com'),
(67, 'Charles Tucker', '0 Lukken Terrace', 'ctucker1u@technorati.com'),
(68, 'Betty Wood', '4582 Carpenter Park', 'bwood1v@washingtonpost.com'),
(69, 'Keith Pierce', '0363 Florence Crossing', 'kpierce1w@opensource.org'),
(70, 'Linda Scott', '32275 Crownhardt Hill', 'lscott1x@youtube.com'),
(71, 'Chris Bowman', '81 Orin Point', 'cbowman1y@smh.com.au'),
(72, 'Ralph Harrison', '1337 Portage Center', 'rharrison1z@xinhuanet.com'),
(73, 'James George', '1146 Eastwood Center', 'jgeorge20@ehow.com'),
(74, 'Dennis Russell', '8746 Transport Road', 'drussell21@de.vu'),
(75, 'Donna Larson', '15 Badeau Circle', 'dlarson22@archive.org'),
(76, 'Frances Sanders', '7 Moose Hill', 'fsanders23@cornell.edu'),
(77, 'Laura Rodriguez', '7719 Forest Dale Road', 'lrodriguez24@techcrunch.com'),
(78, 'Helen Henderson', '0 Straubel Center', 'hhenderson25@noaa.gov'),
(79, 'Cynthia Edwards', '73350 Graceland Road', 'cedwards26@github.com'),
(80, 'Theresa Watson', '0 Shoshone Crossing', 'twatson27@tinypic.com'),
(81, 'Rose Anderson', '3 Golf Course Park', 'randerson28@cyberchimps.com'),
(82, 'Virginia Matthews', '40862 Amoth Street', 'vmatthews29@flavors.me'),
(83, 'Sarah Ellis', '7342 Stang Circle', 'sellis2a@nationalgeographic.com'),
(84, 'Ronald Jackson', '9089 New Castle Terrace', 'rjackson2b@trellian.com'),
(85, 'Ernest Day', '4 Gulseth Way', 'eday2c@mashable.com'),
(86, 'Roger Morales', '6 Erie Crossing', 'rmorales2d@imdb.com'),
(87, 'Edward Peters', '4 Thackeray Drive', 'epeters2e@deviantart.com'),
(88, 'Maria Robinson', '8169 Nelson Circle', 'mrobinson2f@shutterfly.com'),
(89, 'Frank Long', '3 Waubesa Junction', 'flong2g@geocities.jp'),
(90, 'Irene Martin', '06 Elka Pass', 'imartin2h@prweb.com'),
(91, 'Laura Baker', '542 Carberry Center', 'lbaker2i@sfgate.com'),
(92, 'Doris Moore', '2 Westridge Plaza', 'dmoore2j@ox.ac.uk'),
(93, 'Wayne Garza', '7 Mallard Hill', 'wgarza2k@nymag.com'),
(94, 'Keith Hudson', '50 Pankratz Pass', 'khudson2l@boston.com'),
(95, 'Walter Burke', '51770 Ramsey Park', 'wburke2m@technorati.com'),
(96, 'Kathryn Porter', '6 Hollow Ridge Drive', 'kporter2n@engadget.com'),
(97, 'Jonathan Sanders', '30445 Luster Crossing', 'jsanders2o@com.com'),
(98, 'Joshua Ryan', '11953 Ridge Oak Trail', 'jryan2p@jiathis.com'),
(99, 'Doris Sanders', '3 Monument Drive', 'dsanders2q@spotify.com'),
(100, 'Bruce Hall', '83889 Old Shore Crossing', 'bhall2r@craigslist.org');

-- --------------------------------------------------------

--
-- Table structure for table `Store`
--

DROP TABLE IF EXISTS `Store`;
CREATE TABLE IF NOT EXISTS `Store` (
`id` int(11) NOT NULL,
  `name` varchar(64) NOT NULL DEFAULT '',
  `region_id` int(11) NOT NULL
) ENGINE=InnoDB AUTO_INCREMENT=51 DEFAULT CHARSET=latin1;

--
-- Dumping data for table `Store`
--

INSERT INTO `Store` (`id`, `name`, `region_id`) VALUES
(1, 'Dabjam', 3),
(2, 'Jaxnation', 3),
(3, 'Twinte', 1),
(4, 'Youbridge', 4),
(5, 'Trilith', 1),
(6, 'Ntags', 5),
(7, 'Tagtune', 6),
(8, 'Quatz', 6),
(9, 'InnoZ', 2),
(10, 'Jazzyie', 7),
(11, 'Eayo', 2),
(12, 'Skiptube', 3),
(13, 'Riffpedia', 5),
(14, 'Edgeblab', 2),
(15, 'Trudoo', 5),
(16, 'Photolist', 8),
(17, 'Jazzy', 6),
(18, 'Wikido', 3),
(19, 'Flashspan', 6),
(20, 'Twintewe', 2),
(21, 'Realcube', 7),
(22, 'Eayozo', 8),
(23, 'Oyoyo', 3),
(24, 'Demizz', 4),
(25, 'Plajo', 5),
(26, 'BlogXS', 5),
(27, 'Jamiaya', 6),
(28, 'Thoughtbridge', 5),
(29, 'FanoodleZ', 8),
(30, 'Quinu', 6),
(31, 'Gigaclub', 6),
(32, 'Miboowe', 3),
(33, 'Fadeo', 2),
(34, 'Browsebug', 1),
(35, 'Eabox', 1),
(36, 'Miboo', 2),
(37, 'Agivu', 4),
(38, 'Browsezoom', 3),
(39, 'Fanoodle', 8),
(40, 'Meevee', 7),
(41, 'Mita', 4),
(42, 'Jamia', 4),
(43, 'Youopia', 3),
(44, 'Rhycero', 4),
(45, 'Skyvu', 8),
(46, 'Brainverse', 7),
(47, 'Jatri', 7),
(48, 'Leexo', 4),
(49, 'Voonyx', 8),
(50, 'Gigashots', 8);

-- --------------------------------------------------------

--
-- Table structure for table `TOrder`
--

DROP TABLE IF EXISTS `TOrder`;
CREATE TABLE IF NOT EXISTS `TOrder` (
`id` int(11) NOT NULL,
  `transaction_id` int(11) NOT NULL,
  `product_id` int(11) NOT NULL,
  `quantity` int(11) NOT NULL,
  `price` decimal(5,2) NOT NULL
) ENGINE=InnoDB AUTO_INCREMENT=1039 DEFAULT CHARSET=latin1;

--
-- Dumping data for table `TOrder`
--

INSERT INTO `TOrder` (`id`, `transaction_id`, `product_id`, `quantity`, `price`) VALUES
(1, 53, 25, 15, 4.89),
(2, 47, 8, 16, 343.99),
(3, 62, 6, 19, 712.00),
(4, 30, 21, 19, 6.34),
(5, 45, 21, 18, 6.34),
(6, 19, 3, 11, 4.48),
(7, 3, 12, 11, 34.99),
(8, 83, 30, 4, 3.99),
(9, 55, 25, 13, 4.89),
(10, 31, 30, 18, 3.99),
(11, 79, 16, 11, 2.48),
(12, 89, 6, 12, 712.00),
(13, 40, 19, 4, 14.23),
(14, 50, 9, 8, 99.00),
(15, 18, 17, 5, 14.92),
(16, 96, 11, 6, 14.86),
(17, 18, 14, 7, 16.24),
(18, 22, 21, 10, 6.34),
(19, 85, 7, 2, 399.00),
(20, 44, 27, 16, 8.68),
(21, 39, 13, 16, 7.99),
(22, 33, 3, 20, 4.48),
(23, 71, 29, 8, 4.99),
(24, 52, 22, 15, 11.97),
(25, 20, 17, 5, 14.92),
(26, 66, 8, 11, 343.99),
(27, 75, 23, 9, 11.99),
(28, 60, 14, 13, 16.24),
(29, 36, 2, 17, 3.99),
(30, 19, 14, 5, 16.24),
(31, 88, 16, 9, 2.48),
(32, 47, 19, 9, 14.23),
(33, 18, 11, 16, 14.86),
(34, 77, 4, 17, 3.99),
(35, 36, 9, 19, 99.00),
(36, 15, 12, 9, 34.99),
(37, 45, 29, 10, 4.99),
(38, 89, 14, 2, 16.24),
(39, 35, 1, 4, 16.00),
(40, 90, 15, 4, 3.98),
(41, 76, 2, 16, 3.99),
(42, 47, 4, 18, 3.99),
(43, 62, 18, 13, 28.89),
(44, 34, 22, 15, 11.97),
(45, 41, 17, 16, 14.92),
(46, 87, 10, 7, 23.52),
(47, 86, 21, 17, 6.34),
(48, 89, 11, 5, 14.86),
(49, 71, 16, 4, 2.48),
(50, 29, 3, 5, 4.48),
(51, 7, 29, 10, 4.99),
(52, 84, 9, 3, 99.00),
(53, 37, 26, 1, 17.27),
(54, 11, 23, 5, 11.99),
(55, 70, 30, 7, 3.99),
(56, 68, 12, 5, 34.99),
(57, 52, 5, 5, 549.00),
(58, 99, 30, 13, 3.99),
(59, 14, 12, 20, 34.99),
(60, 80, 2, 15, 3.99),
(61, 60, 8, 2, 343.99),
(62, 31, 6, 14, 712.00),
(63, 7, 28, 15, 5.01),
(64, 82, 17, 18, 14.92),
(65, 72, 8, 4, 343.99),
(66, 96, 1, 5, 16.00),
(67, 68, 18, 13, 28.89),
(68, 47, 28, 9, 5.01),
(69, 56, 24, 16, 2.97),
(70, 29, 18, 6, 28.89),
(71, 87, 2, 18, 3.99),
(72, 3, 12, 14, 34.99),
(73, 87, 26, 17, 17.27),
(74, 12, 15, 19, 3.98),
(75, 54, 17, 18, 14.92),
(76, 65, 17, 9, 14.92),
(77, 50, 22, 19, 11.97),
(78, 81, 26, 16, 17.27),
(79, 73, 23, 16, 11.99),
(80, 67, 25, 10, 4.89),
(81, 47, 7, 5, 399.00),
(82, 54, 23, 6, 11.99),
(83, 98, 6, 2, 712.00),
(84, 32, 15, 13, 3.98),
(85, 57, 1, 9, 16.00),
(86, 49, 19, 10, 14.23),
(87, 14, 17, 1, 14.92),
(88, 20, 24, 15, 2.97),
(89, 19, 25, 5, 4.89),
(90, 56, 13, 15, 7.99),
(91, 36, 11, 20, 14.86),
(92, 71, 9, 1, 99.00),
(93, 86, 24, 7, 2.97),
(94, 65, 19, 7, 14.23),
(95, 76, 16, 12, 2.48),
(96, 99, 15, 7, 3.98),
(97, 67, 1, 9, 16.00),
(98, 42, 6, 2, 712.00),
(99, 58, 20, 13, 7.48),
(100, 62, 17, 1, 14.92),
(101, 96, 22, 1, 11.97),
(102, 92, 20, 4, 7.48),
(103, 92, 15, 4, 3.98),
(104, 66, 2, 8, 3.99),
(105, 66, 3, 10, 4.48),
(106, 68, 22, 3, 11.97),
(107, 76, 14, 3, 16.24),
(108, 25, 19, 20, 14.23),
(109, 16, 6, 3, 712.00),
(110, 92, 6, 20, 712.00),
(111, 7, 26, 3, 17.27),
(112, 45, 21, 16, 6.34),
(113, 66, 3, 5, 4.48),
(114, 47, 14, 17, 16.24),
(115, 54, 4, 4, 3.99),
(116, 46, 9, 6, 99.00),
(117, 69, 23, 8, 11.99),
(118, 56, 23, 15, 11.99),
(119, 60, 2, 2, 3.99),
(120, 65, 26, 10, 17.27),
(121, 9, 30, 13, 3.99),
(122, 66, 15, 12, 3.98),
(123, 29, 24, 6, 2.97),
(124, 22, 22, 3, 11.97),
(125, 13, 21, 16, 6.34),
(126, 63, 8, 11, 343.99),
(127, 86, 1, 6, 16.00),
(128, 42, 14, 4, 16.24),
(129, 7, 26, 10, 17.27),
(130, 90, 20, 12, 7.48),
(131, 65, 28, 20, 5.01),
(132, 83, 30, 15, 3.99),
(133, 10, 2, 7, 3.99),
(134, 92, 25, 20, 4.89),
(135, 16, 6, 18, 712.00),
(136, 2, 3, 4, 4.48),
(137, 91, 18, 3, 28.89),
(138, 2, 29, 17, 4.99),
(139, 23, 20, 12, 7.48),
(140, 83, 15, 1, 3.98),
(141, 5, 19, 20, 14.23),
(142, 32, 13, 4, 7.99),
(143, 71, 20, 6, 7.48),
(144, 92, 24, 9, 2.97),
(145, 42, 25, 8, 4.89),
(146, 54, 21, 6, 6.34),
(147, 83, 5, 15, 549.00),
(148, 75, 19, 3, 14.23),
(149, 57, 6, 19, 712.00),
(150, 34, 28, 9, 5.01),
(151, 82, 20, 13, 7.48),
(152, 28, 19, 12, 14.23),
(153, 32, 17, 7, 14.92),
(154, 5, 6, 16, 712.00),
(155, 40, 14, 19, 16.24),
(156, 55, 10, 11, 23.52),
(157, 21, 10, 10, 23.52),
(158, 24, 26, 20, 17.27),
(159, 41, 1, 19, 16.00),
(160, 56, 26, 11, 17.27),
(161, 27, 23, 11, 11.99),
(162, 36, 17, 15, 14.92),
(163, 9, 25, 11, 4.89),
(164, 36, 5, 14, 549.00),
(165, 57, 7, 5, 399.00),
(166, 64, 2, 7, 3.99),
(167, 5, 16, 11, 2.48),
(168, 38, 9, 1, 99.00),
(169, 98, 6, 14, 712.00),
(170, 77, 3, 13, 4.48),
(171, 98, 9, 20, 99.00),
(172, 7, 4, 14, 3.99),
(173, 77, 22, 9, 11.97),
(174, 36, 25, 14, 4.89),
(175, 58, 11, 17, 14.86),
(176, 1, 20, 4, 7.48),
(177, 56, 22, 7, 11.97),
(178, 67, 21, 9, 6.34),
(179, 67, 6, 4, 712.00),
(180, 52, 30, 10, 3.99),
(181, 9, 17, 11, 14.92),
(182, 5, 6, 6, 712.00),
(183, 16, 22, 8, 11.97),
(184, 53, 18, 6, 28.89),
(185, 69, 24, 8, 2.97),
(186, 65, 5, 4, 549.00),
(187, 84, 21, 18, 6.34),
(188, 33, 1, 4, 16.00),
(189, 64, 2, 12, 3.99),
(190, 87, 17, 1, 14.92),
(191, 63, 20, 15, 7.48),
(192, 60, 6, 3, 712.00),
(193, 37, 23, 20, 11.99),
(194, 98, 13, 4, 7.99),
(195, 26, 1, 19, 16.00),
(196, 22, 18, 17, 28.89),
(197, 15, 2, 9, 3.99),
(198, 22, 3, 6, 4.48),
(199, 35, 8, 6, 343.99),
(200, 100, 8, 3, 343.99),
(201, 84, 14, 7, 16.24),
(202, 47, 9, 18, 99.00),
(203, 94, 15, 8, 3.98),
(204, 85, 9, 12, 99.00),
(205, 77, 4, 14, 3.99),
(206, 23, 7, 18, 399.00),
(207, 54, 29, 14, 4.99),
(208, 34, 28, 2, 5.01),
(209, 56, 22, 5, 11.97),
(210, 77, 9, 9, 99.00),
(211, 55, 26, 19, 17.27),
(212, 27, 1, 13, 16.00),
(213, 54, 13, 12, 7.99),
(214, 40, 25, 18, 4.89),
(215, 15, 30, 1, 3.99),
(216, 14, 26, 18, 17.27),
(217, 9, 2, 19, 3.99),
(218, 94, 27, 17, 8.68),
(219, 36, 24, 17, 2.97),
(220, 78, 27, 13, 8.68),
(221, 49, 28, 2, 5.01),
(222, 16, 22, 4, 11.97),
(223, 60, 10, 11, 23.52),
(224, 58, 8, 6, 343.99),
(225, 61, 27, 6, 8.68),
(226, 68, 9, 2, 99.00),
(227, 14, 28, 8, 5.01),
(228, 94, 8, 14, 343.99),
(229, 7, 13, 17, 7.99),
(230, 64, 16, 9, 2.48),
(231, 56, 20, 12, 7.48),
(232, 31, 15, 6, 3.98),
(233, 27, 14, 20, 16.24),
(234, 48, 18, 20, 28.89),
(235, 51, 13, 4, 7.99),
(236, 25, 14, 2, 16.24),
(237, 39, 25, 5, 4.89),
(238, 65, 16, 19, 2.48),
(239, 29, 13, 19, 7.99),
(240, 91, 7, 20, 399.00),
(241, 36, 10, 6, 23.52),
(242, 91, 18, 13, 28.89),
(243, 96, 1, 4, 16.00),
(244, 63, 12, 11, 34.99),
(245, 16, 18, 10, 28.89),
(246, 54, 19, 3, 14.23),
(247, 3, 8, 1, 343.99),
(248, 2, 6, 7, 712.00),
(249, 18, 2, 12, 3.99),
(250, 12, 21, 1, 6.34),
(251, 94, 11, 6, 14.86),
(252, 74, 4, 3, 3.99),
(253, 83, 16, 2, 2.48),
(254, 39, 27, 18, 8.68),
(255, 53, 25, 11, 4.89),
(256, 43, 15, 16, 3.98),
(257, 61, 13, 18, 7.99),
(258, 82, 12, 5, 34.99),
(259, 8, 6, 20, 712.00),
(260, 23, 25, 20, 4.89),
(261, 32, 12, 4, 34.99),
(262, 15, 15, 5, 3.98),
(263, 25, 12, 14, 34.99),
(264, 23, 11, 8, 14.86),
(265, 89, 1, 11, 16.00),
(266, 19, 23, 12, 11.99),
(267, 20, 30, 10, 3.99),
(268, 66, 1, 1, 16.00),
(269, 8, 28, 16, 5.01),
(270, 62, 7, 1, 399.00),
(271, 40, 8, 20, 343.99),
(272, 6, 11, 15, 14.86),
(273, 85, 3, 3, 4.48),
(274, 16, 23, 16, 11.99),
(275, 54, 7, 15, 399.00),
(276, 21, 8, 14, 343.99),
(277, 10, 13, 4, 7.99),
(278, 100, 4, 18, 3.99),
(279, 44, 16, 19, 2.48),
(280, 4, 14, 15, 16.24),
(281, 8, 28, 14, 5.01),
(282, 58, 11, 15, 14.86),
(283, 43, 3, 4, 4.48),
(284, 98, 16, 7, 2.48),
(285, 56, 25, 4, 4.89),
(286, 43, 6, 18, 712.00),
(287, 72, 12, 10, 34.99),
(288, 63, 30, 14, 3.99),
(289, 71, 24, 2, 2.97),
(290, 56, 28, 7, 5.01),
(291, 6, 3, 14, 4.48),
(292, 29, 20, 20, 7.48),
(293, 57, 28, 9, 5.01),
(294, 60, 15, 20, 3.98),
(295, 55, 28, 18, 5.01),
(296, 78, 24, 16, 2.97),
(297, 89, 29, 1, 4.99),
(298, 30, 16, 7, 2.48),
(299, 93, 16, 19, 2.48),
(300, 74, 13, 20, 7.99),
(301, 19, 29, 10, 4.99),
(302, 85, 14, 20, 16.24),
(303, 74, 21, 1, 6.34),
(304, 99, 22, 2, 11.97),
(305, 57, 10, 12, 23.52),
(306, 81, 12, 15, 34.99),
(307, 1, 26, 11, 17.27),
(308, 93, 28, 6, 5.01),
(309, 63, 10, 16, 23.52),
(310, 75, 20, 15, 7.48),
(311, 77, 24, 11, 2.97),
(312, 60, 12, 2, 34.99),
(313, 44, 14, 6, 16.24),
(314, 78, 30, 17, 3.99),
(315, 87, 18, 20, 28.89),
(316, 55, 7, 14, 399.00),
(317, 1, 30, 10, 3.99),
(318, 81, 17, 2, 14.92),
(319, 33, 24, 6, 2.97),
(320, 19, 22, 20, 11.97),
(321, 16, 19, 11, 14.23),
(322, 54, 2, 15, 3.99),
(323, 13, 14, 9, 16.24),
(324, 57, 9, 14, 99.00),
(325, 68, 9, 6, 99.00),
(326, 78, 12, 1, 34.99),
(327, 68, 17, 1, 14.92),
(328, 68, 1, 12, 16.00),
(329, 97, 17, 7, 14.92),
(330, 65, 25, 19, 4.89),
(331, 77, 20, 15, 7.48),
(332, 79, 25, 11, 4.89),
(333, 93, 7, 20, 399.00),
(334, 27, 1, 12, 16.00),
(335, 21, 24, 5, 2.97),
(336, 67, 27, 14, 8.68),
(337, 40, 25, 3, 4.89),
(338, 31, 29, 11, 4.99),
(339, 52, 17, 13, 14.92),
(340, 12, 3, 13, 4.48),
(341, 2, 21, 18, 6.34),
(342, 3, 5, 10, 549.00),
(343, 47, 18, 17, 28.89),
(344, 91, 20, 9, 7.48),
(345, 76, 9, 6, 99.00),
(346, 36, 13, 16, 7.99),
(347, 58, 22, 20, 11.97),
(348, 53, 24, 9, 2.97),
(349, 50, 2, 12, 3.99),
(350, 43, 22, 14, 11.97),
(351, 5, 26, 20, 17.27),
(352, 5, 20, 17, 7.48),
(353, 42, 23, 14, 11.99),
(354, 45, 30, 8, 3.99),
(355, 30, 1, 16, 16.00),
(356, 76, 24, 16, 2.97),
(357, 39, 30, 8, 3.99),
(358, 45, 16, 6, 2.48),
(359, 86, 2, 13, 3.99),
(360, 93, 25, 12, 4.89),
(361, 39, 17, 8, 14.92),
(362, 34, 28, 8, 5.01),
(363, 10, 29, 20, 4.99),
(364, 3, 2, 11, 3.99),
(365, 82, 23, 8, 11.99),
(366, 72, 27, 13, 8.68),
(367, 7, 2, 17, 3.99),
(368, 32, 2, 20, 3.99),
(369, 34, 5, 11, 549.00),
(370, 71, 29, 7, 4.99),
(371, 38, 25, 20, 4.89),
(372, 56, 25, 11, 4.89),
(373, 65, 23, 20, 11.99),
(374, 86, 2, 8, 3.99),
(375, 87, 20, 4, 7.48),
(376, 65, 29, 13, 4.99),
(377, 55, 30, 12, 3.99),
(378, 79, 13, 14, 7.99),
(379, 55, 4, 19, 3.99),
(380, 9, 28, 13, 5.01),
(381, 88, 17, 15, 14.92),
(382, 36, 10, 8, 23.52),
(383, 55, 19, 11, 14.23),
(384, 75, 22, 20, 11.97),
(385, 51, 15, 1, 3.98),
(386, 45, 12, 19, 34.99),
(387, 2, 10, 2, 23.52),
(388, 77, 2, 6, 3.99),
(389, 60, 5, 5, 549.00),
(390, 71, 26, 8, 17.27),
(391, 29, 14, 3, 16.24),
(392, 74, 21, 10, 6.34),
(393, 20, 29, 9, 4.99),
(394, 97, 2, 13, 3.99),
(395, 41, 2, 3, 3.99),
(396, 71, 1, 10, 16.00),
(397, 25, 6, 15, 712.00),
(398, 80, 1, 14, 16.00),
(399, 16, 16, 10, 2.48),
(400, 50, 29, 4, 4.99),
(401, 56, 10, 5, 23.52),
(402, 3, 2, 2, 3.99),
(403, 10, 30, 7, 3.99),
(404, 40, 9, 16, 99.00),
(405, 67, 6, 17, 712.00),
(406, 62, 21, 20, 6.34),
(407, 30, 28, 13, 5.01),
(408, 57, 14, 6, 16.24),
(409, 35, 9, 5, 99.00),
(410, 60, 20, 12, 7.48),
(411, 22, 16, 10, 2.48),
(412, 21, 17, 2, 14.92),
(413, 60, 1, 8, 16.00),
(414, 82, 16, 5, 2.48),
(415, 74, 29, 4, 4.99),
(416, 31, 8, 1, 343.99),
(417, 71, 22, 20, 11.97),
(418, 80, 28, 12, 5.01),
(419, 45, 27, 9, 8.68),
(420, 42, 2, 7, 3.99),
(421, 33, 11, 1, 14.86),
(422, 88, 25, 17, 4.89),
(423, 31, 9, 7, 99.00),
(424, 5, 10, 8, 23.52),
(425, 23, 14, 18, 16.24),
(426, 18, 26, 1, 17.27),
(427, 62, 7, 18, 399.00),
(428, 69, 1, 11, 16.00),
(429, 39, 13, 19, 7.99),
(430, 100, 16, 14, 2.48),
(431, 34, 2, 1, 3.99),
(432, 35, 28, 15, 5.01),
(433, 56, 6, 9, 712.00),
(434, 21, 25, 9, 4.89),
(435, 14, 23, 6, 11.99),
(436, 73, 25, 7, 4.89),
(437, 51, 20, 12, 7.48),
(438, 71, 30, 16, 3.99),
(439, 67, 29, 16, 4.99),
(440, 87, 28, 11, 5.01),
(441, 55, 20, 10, 7.48),
(442, 11, 13, 14, 7.99),
(443, 52, 15, 11, 3.98),
(444, 48, 12, 11, 34.99),
(445, 9, 12, 2, 34.99),
(446, 78, 30, 20, 3.99),
(447, 33, 15, 15, 3.98),
(448, 49, 2, 11, 3.99),
(449, 74, 17, 5, 14.92),
(450, 32, 21, 11, 6.34),
(451, 45, 16, 16, 2.48),
(452, 63, 11, 7, 14.86),
(453, 15, 11, 2, 14.86),
(454, 63, 23, 14, 11.99),
(455, 75, 1, 1, 16.00),
(456, 93, 8, 6, 343.99),
(457, 89, 18, 16, 28.89),
(458, 68, 19, 9, 14.23),
(459, 64, 3, 9, 4.48),
(460, 9, 9, 6, 99.00),
(461, 52, 11, 5, 14.86),
(462, 82, 12, 1, 34.99),
(463, 13, 20, 13, 7.48),
(464, 4, 6, 19, 712.00),
(465, 100, 29, 13, 4.99),
(466, 68, 7, 9, 399.00),
(467, 66, 6, 5, 712.00),
(468, 97, 11, 17, 14.86),
(469, 86, 13, 15, 7.99),
(470, 4, 17, 16, 14.92),
(471, 62, 3, 15, 4.48),
(472, 1, 17, 7, 14.92),
(473, 80, 24, 13, 2.97),
(474, 95, 18, 4, 28.89),
(475, 35, 1, 19, 16.00),
(476, 5, 20, 2, 7.48),
(477, 15, 18, 15, 28.89),
(478, 38, 27, 1, 8.68),
(479, 84, 25, 20, 4.89),
(480, 57, 10, 4, 23.52),
(481, 88, 7, 12, 399.00),
(482, 87, 1, 12, 16.00),
(483, 98, 18, 20, 28.89),
(484, 45, 19, 9, 14.23),
(485, 31, 5, 14, 549.00),
(486, 52, 28, 13, 5.01),
(487, 19, 13, 17, 7.99),
(488, 52, 22, 17, 11.97),
(489, 49, 15, 8, 3.98),
(490, 14, 26, 11, 17.27),
(491, 17, 25, 10, 4.89),
(492, 60, 27, 6, 8.68),
(493, 63, 10, 11, 23.52),
(494, 84, 7, 17, 399.00),
(495, 89, 6, 1, 712.00),
(496, 15, 4, 14, 3.99),
(497, 35, 18, 17, 28.89),
(498, 14, 1, 11, 16.00),
(499, 94, 29, 11, 4.99),
(500, 12, 22, 17, 11.97),
(501, 14, 3, 12, 4.48),
(502, 89, 2, 13, 3.99),
(503, 37, 21, 13, 6.34),
(504, 97, 12, 8, 34.99),
(505, 5, 20, 1, 7.48),
(506, 56, 14, 14, 16.24),
(507, 13, 17, 19, 14.92),
(508, 79, 19, 2, 14.23),
(509, 42, 20, 16, 7.48),
(510, 6, 14, 8, 16.24),
(511, 44, 6, 16, 712.00),
(512, 26, 24, 4, 2.97),
(513, 35, 28, 2, 5.01),
(514, 7, 3, 14, 4.48),
(515, 59, 11, 19, 14.86),
(516, 15, 26, 7, 17.27),
(517, 65, 11, 8, 14.86),
(518, 92, 6, 11, 712.00),
(519, 69, 18, 16, 28.89),
(520, 89, 13, 2, 7.99),
(521, 96, 7, 20, 399.00),
(522, 55, 30, 12, 3.99),
(523, 47, 4, 4, 3.99),
(524, 22, 7, 11, 399.00),
(525, 47, 11, 10, 14.86),
(526, 33, 9, 20, 99.00),
(527, 76, 3, 18, 4.48),
(528, 44, 20, 17, 7.48),
(529, 49, 18, 7, 28.89),
(530, 18, 21, 4, 6.34),
(531, 37, 10, 10, 23.52),
(532, 38, 24, 8, 2.97),
(533, 64, 15, 15, 3.98),
(534, 36, 26, 1, 17.27),
(535, 78, 11, 19, 14.86),
(536, 39, 23, 1, 11.99),
(537, 12, 13, 8, 7.99),
(538, 16, 2, 14, 3.99),
(539, 79, 7, 7, 399.00),
(540, 57, 14, 2, 16.24),
(541, 53, 26, 17, 17.27),
(542, 27, 19, 11, 14.23),
(543, 93, 19, 13, 14.23),
(544, 90, 12, 2, 34.99),
(545, 12, 7, 3, 399.00),
(546, 20, 17, 9, 14.92),
(547, 4, 22, 19, 11.97),
(548, 11, 12, 19, 34.99),
(549, 81, 4, 12, 3.99),
(550, 36, 29, 12, 4.99),
(551, 10, 10, 7, 23.52),
(552, 72, 11, 1, 14.86),
(553, 7, 4, 19, 3.99),
(554, 26, 25, 4, 4.89),
(555, 25, 25, 3, 4.89),
(556, 78, 22, 4, 11.97),
(557, 96, 21, 15, 6.34),
(558, 91, 20, 16, 7.48),
(559, 52, 1, 5, 16.00),
(560, 6, 5, 5, 549.00),
(561, 87, 29, 6, 4.99),
(562, 42, 26, 8, 17.27),
(563, 91, 29, 6, 4.99),
(564, 98, 19, 4, 14.23),
(565, 55, 20, 1, 7.48),
(566, 7, 5, 10, 549.00),
(567, 3, 20, 7, 7.48),
(568, 94, 22, 10, 11.97),
(569, 83, 19, 10, 14.23),
(570, 12, 5, 13, 549.00),
(571, 2, 10, 7, 23.52),
(572, 76, 2, 15, 3.99),
(573, 72, 11, 12, 14.86),
(574, 47, 27, 16, 8.68),
(575, 62, 30, 8, 3.99),
(576, 45, 26, 3, 17.27),
(577, 35, 8, 6, 343.99),
(578, 96, 5, 17, 549.00),
(579, 42, 15, 3, 3.98),
(580, 40, 21, 7, 6.34),
(581, 42, 9, 19, 99.00),
(582, 76, 26, 2, 17.27),
(583, 81, 11, 20, 14.86),
(584, 87, 19, 7, 14.23),
(585, 99, 24, 8, 2.97),
(586, 33, 23, 10, 11.99),
(587, 65, 25, 11, 4.89),
(588, 62, 26, 6, 17.27),
(589, 12, 15, 9, 3.98),
(590, 5, 14, 19, 16.24),
(591, 59, 10, 9, 23.52),
(592, 15, 8, 12, 343.99),
(593, 32, 12, 11, 34.99),
(594, 94, 15, 6, 3.98),
(595, 12, 22, 4, 11.97),
(596, 12, 10, 1, 23.52),
(597, 69, 3, 2, 4.48),
(598, 93, 6, 7, 712.00),
(599, 36, 26, 17, 17.27),
(600, 15, 28, 13, 5.01),
(601, 2, 18, 1, 28.89),
(602, 74, 16, 19, 2.48),
(603, 36, 22, 6, 11.97),
(604, 1, 30, 18, 3.99),
(605, 68, 17, 15, 14.92),
(606, 11, 6, 7, 712.00),
(607, 41, 25, 14, 4.89),
(608, 76, 4, 15, 3.99),
(609, 40, 3, 8, 4.48),
(610, 82, 20, 14, 7.48),
(611, 32, 6, 17, 712.00),
(612, 92, 16, 10, 2.48),
(613, 29, 3, 13, 4.48),
(614, 49, 3, 6, 4.48),
(615, 23, 1, 5, 16.00),
(616, 85, 3, 9, 4.48),
(617, 87, 21, 3, 6.34),
(618, 89, 1, 17, 16.00),
(619, 48, 12, 19, 34.99),
(620, 43, 21, 14, 6.34),
(621, 9, 16, 9, 2.48),
(622, 68, 17, 14, 14.92),
(623, 27, 29, 15, 4.99),
(624, 35, 21, 14, 6.34),
(625, 11, 15, 6, 3.98),
(626, 75, 23, 18, 11.99),
(627, 74, 26, 2, 17.27),
(628, 42, 5, 5, 549.00),
(629, 39, 13, 15, 7.99),
(630, 39, 12, 8, 34.99),
(631, 25, 22, 10, 11.97),
(632, 37, 23, 2, 11.99),
(633, 23, 7, 12, 399.00),
(634, 81, 4, 8, 3.99),
(635, 24, 12, 12, 34.99),
(636, 20, 16, 14, 2.48),
(637, 32, 1, 12, 16.00),
(638, 10, 9, 19, 99.00),
(639, 12, 10, 13, 23.52),
(640, 74, 28, 10, 5.01),
(641, 12, 19, 3, 14.23),
(642, 79, 6, 2, 712.00),
(643, 4, 23, 5, 11.99),
(644, 49, 7, 16, 399.00),
(645, 88, 26, 14, 17.27),
(646, 24, 5, 20, 549.00),
(647, 7, 21, 20, 6.34),
(648, 31, 2, 18, 3.99),
(649, 60, 15, 3, 3.98),
(650, 17, 29, 5, 4.99),
(651, 61, 25, 12, 4.89),
(652, 31, 15, 18, 3.98),
(653, 32, 3, 15, 4.48),
(654, 56, 20, 19, 7.48),
(655, 97, 14, 7, 16.24),
(656, 24, 30, 17, 3.99),
(657, 56, 2, 15, 3.99),
(658, 69, 11, 6, 14.86),
(659, 88, 21, 6, 6.34),
(660, 14, 13, 1, 7.99),
(661, 2, 18, 7, 28.89),
(662, 49, 16, 12, 2.48),
(663, 60, 3, 20, 4.48),
(664, 79, 22, 7, 11.97),
(665, 71, 25, 1, 4.89),
(666, 91, 16, 17, 2.48),
(667, 83, 20, 20, 7.48),
(668, 96, 18, 10, 28.89),
(669, 16, 25, 19, 4.89),
(670, 94, 4, 16, 3.99),
(671, 24, 8, 15, 343.99),
(672, 84, 8, 15, 343.99),
(673, 86, 15, 9, 3.98),
(674, 69, 27, 1, 8.68),
(675, 64, 17, 10, 14.92),
(676, 25, 29, 14, 4.99),
(677, 38, 27, 18, 8.68),
(678, 76, 17, 7, 14.92),
(679, 22, 16, 2, 2.48),
(680, 17, 25, 13, 4.89),
(681, 47, 10, 17, 23.52),
(682, 97, 12, 4, 34.99),
(683, 10, 30, 8, 3.99),
(684, 32, 17, 3, 14.92),
(685, 18, 22, 10, 11.97),
(686, 44, 13, 7, 7.99),
(687, 85, 22, 14, 11.97),
(688, 14, 17, 7, 14.92),
(689, 79, 20, 17, 7.48),
(690, 78, 5, 5, 549.00),
(691, 35, 30, 20, 3.99),
(692, 12, 10, 12, 23.52),
(693, 82, 5, 5, 549.00),
(694, 41, 22, 1, 11.97),
(695, 5, 18, 9, 28.89),
(696, 3, 24, 1, 2.97),
(697, 45, 28, 8, 5.01),
(698, 23, 14, 2, 16.24),
(699, 7, 12, 6, 34.99),
(700, 31, 23, 5, 11.99),
(701, 95, 21, 1, 6.34),
(702, 41, 4, 17, 3.99),
(703, 37, 21, 17, 6.34),
(704, 21, 28, 12, 5.01),
(705, 16, 18, 13, 28.89),
(706, 21, 1, 10, 16.00),
(707, 16, 30, 11, 3.99),
(708, 84, 19, 5, 14.23),
(709, 51, 26, 8, 17.27),
(710, 16, 22, 15, 11.97),
(711, 8, 20, 10, 7.48),
(712, 41, 18, 20, 28.89),
(713, 60, 17, 20, 14.92),
(714, 56, 5, 20, 549.00),
(715, 27, 19, 19, 14.23),
(716, 65, 4, 12, 3.99),
(717, 36, 14, 20, 16.24),
(718, 37, 12, 14, 34.99),
(719, 57, 2, 2, 3.99),
(720, 52, 28, 3, 5.01),
(721, 84, 8, 1, 343.99),
(722, 13, 13, 18, 7.99),
(723, 28, 14, 13, 16.24),
(724, 22, 13, 12, 7.99),
(725, 83, 11, 2, 14.86),
(726, 38, 8, 7, 343.99),
(727, 13, 30, 7, 3.99),
(728, 32, 12, 12, 34.99),
(729, 20, 6, 17, 712.00),
(730, 78, 25, 5, 4.89),
(731, 27, 4, 16, 3.99),
(732, 67, 24, 2, 2.97),
(733, 71, 30, 12, 3.99),
(734, 83, 20, 14, 7.48),
(735, 17, 28, 16, 5.01),
(736, 6, 26, 9, 17.27),
(737, 100, 20, 3, 7.48),
(738, 63, 8, 6, 343.99),
(739, 18, 10, 8, 23.52),
(740, 88, 20, 4, 7.48),
(741, 3, 14, 3, 16.24),
(742, 48, 27, 13, 8.68),
(743, 70, 4, 3, 3.99),
(744, 61, 27, 20, 8.68),
(745, 67, 25, 12, 4.89),
(746, 42, 9, 17, 99.00),
(747, 67, 7, 17, 399.00),
(748, 2, 2, 17, 3.99),
(749, 98, 20, 7, 7.48),
(750, 74, 12, 9, 34.99),
(751, 20, 11, 1, 14.86),
(752, 89, 5, 10, 549.00),
(753, 40, 3, 2, 4.48),
(754, 24, 12, 11, 34.99),
(755, 75, 12, 1, 34.99),
(756, 26, 14, 2, 16.24),
(757, 11, 29, 12, 4.99),
(758, 63, 5, 9, 549.00),
(759, 40, 2, 14, 3.99),
(760, 85, 28, 14, 5.01),
(761, 44, 18, 20, 28.89),
(762, 20, 11, 5, 14.86),
(763, 86, 12, 18, 34.99),
(764, 81, 12, 17, 34.99),
(765, 37, 22, 9, 11.97),
(766, 22, 25, 3, 4.89),
(767, 8, 23, 13, 11.99),
(768, 50, 30, 18, 3.99),
(769, 96, 16, 20, 2.48),
(770, 22, 28, 12, 5.01),
(771, 81, 20, 5, 7.48),
(772, 33, 6, 20, 712.00),
(773, 34, 8, 7, 343.99),
(774, 58, 17, 3, 14.92),
(775, 5, 12, 5, 34.99),
(776, 89, 28, 20, 5.01),
(777, 3, 11, 6, 14.86),
(778, 79, 6, 16, 712.00),
(779, 46, 25, 9, 4.89),
(780, 24, 23, 18, 11.99),
(781, 32, 21, 4, 6.34),
(782, 51, 23, 17, 11.99),
(783, 85, 3, 6, 4.48),
(784, 9, 29, 13, 4.99),
(785, 23, 4, 17, 3.99),
(786, 6, 26, 2, 17.27),
(787, 6, 24, 12, 2.97),
(788, 33, 18, 2, 28.89),
(789, 76, 28, 5, 5.01),
(790, 8, 23, 3, 11.99),
(791, 78, 30, 12, 3.99),
(792, 73, 9, 16, 99.00),
(793, 61, 20, 7, 7.48),
(794, 85, 8, 12, 343.99),
(795, 68, 14, 20, 16.24),
(796, 56, 8, 6, 343.99),
(797, 12, 13, 4, 7.99),
(798, 49, 24, 8, 2.97),
(799, 35, 2, 7, 3.99),
(800, 24, 4, 1, 3.99),
(801, 43, 12, 12, 34.99),
(802, 26, 18, 2, 28.89),
(803, 47, 8, 9, 343.99),
(804, 32, 12, 2, 34.99),
(805, 34, 20, 13, 7.48),
(806, 84, 29, 4, 4.99),
(807, 5, 14, 15, 16.24),
(808, 39, 27, 8, 8.68),
(809, 59, 26, 8, 17.27),
(810, 34, 7, 1, 399.00),
(811, 64, 24, 16, 2.97),
(812, 69, 17, 6, 14.92),
(813, 55, 1, 3, 16.00),
(814, 14, 4, 3, 3.99),
(815, 66, 23, 1, 11.99),
(816, 31, 20, 5, 7.48),
(817, 91, 26, 16, 17.27),
(818, 90, 30, 6, 3.99),
(819, 62, 25, 16, 4.89),
(820, 85, 20, 1, 7.48),
(821, 19, 2, 13, 3.99),
(822, 22, 20, 16, 7.48),
(823, 71, 21, 12, 6.34),
(824, 76, 4, 2, 3.99),
(825, 97, 14, 9, 16.24),
(826, 5, 6, 20, 712.00),
(827, 90, 21, 15, 6.34),
(828, 64, 9, 16, 99.00),
(829, 23, 21, 20, 6.34),
(830, 5, 8, 4, 343.99),
(831, 95, 10, 6, 23.52),
(832, 47, 3, 15, 4.48),
(833, 18, 1, 15, 16.00),
(834, 30, 22, 7, 11.97),
(835, 54, 6, 20, 712.00),
(836, 99, 28, 20, 5.01),
(837, 35, 27, 11, 8.68),
(838, 60, 26, 16, 17.27),
(839, 2, 15, 8, 3.98),
(840, 85, 18, 20, 28.89),
(841, 2, 7, 20, 399.00),
(842, 18, 13, 20, 7.99),
(843, 95, 4, 17, 3.99),
(844, 65, 12, 14, 34.99),
(845, 9, 29, 19, 4.99),
(846, 36, 3, 10, 4.48),
(847, 83, 23, 16, 11.99),
(848, 91, 21, 12, 6.34),
(849, 3, 24, 14, 2.97),
(850, 6, 7, 7, 399.00),
(851, 12, 6, 6, 712.00),
(852, 18, 4, 3, 3.99),
(853, 49, 8, 19, 343.99),
(854, 15, 18, 3, 28.89),
(855, 37, 9, 11, 99.00),
(856, 15, 4, 19, 3.99),
(857, 82, 1, 20, 16.00),
(858, 99, 25, 9, 4.89),
(859, 62, 24, 2, 2.97),
(860, 68, 1, 7, 16.00),
(861, 49, 20, 20, 7.48),
(862, 62, 21, 3, 6.34),
(863, 2, 3, 16, 4.48),
(864, 46, 2, 2, 3.99),
(865, 92, 23, 20, 11.99),
(866, 79, 18, 3, 28.89),
(867, 55, 20, 20, 7.48),
(868, 19, 22, 14, 11.97),
(869, 15, 29, 8, 4.99),
(870, 27, 28, 7, 5.01),
(871, 55, 19, 14, 14.23),
(872, 23, 5, 13, 549.00),
(873, 92, 20, 4, 7.48),
(874, 1, 30, 7, 3.99),
(875, 100, 6, 13, 712.00),
(876, 39, 23, 8, 11.99),
(877, 13, 29, 17, 4.99),
(878, 7, 27, 10, 8.68),
(879, 36, 27, 4, 8.68),
(880, 4, 26, 16, 17.27),
(881, 82, 28, 14, 5.01),
(882, 92, 5, 15, 549.00),
(883, 40, 28, 18, 5.01),
(884, 39, 23, 12, 11.99),
(885, 85, 20, 17, 7.48),
(886, 22, 2, 15, 3.99),
(887, 76, 23, 8, 11.99),
(888, 13, 8, 18, 343.99),
(889, 1, 15, 18, 3.98),
(890, 33, 29, 16, 4.99),
(891, 89, 4, 3, 3.99),
(892, 41, 7, 7, 399.00),
(893, 59, 10, 3, 23.52),
(894, 48, 12, 17, 34.99),
(895, 47, 17, 5, 14.92),
(896, 5, 15, 19, 3.98),
(897, 27, 10, 1, 23.52),
(898, 93, 1, 15, 16.00),
(899, 40, 21, 12, 6.34),
(900, 10, 25, 4, 4.89),
(901, 61, 30, 13, 3.99),
(902, 68, 12, 13, 34.99),
(903, 41, 4, 14, 3.99),
(904, 61, 23, 2, 11.99),
(905, 69, 13, 17, 7.99),
(906, 45, 12, 5, 34.99),
(907, 98, 20, 9, 7.48),
(908, 9, 11, 10, 14.86),
(909, 95, 21, 20, 6.34),
(910, 43, 7, 18, 399.00),
(911, 66, 17, 5, 14.92),
(912, 97, 3, 8, 4.48),
(913, 68, 8, 4, 343.99),
(914, 89, 23, 18, 11.99),
(915, 94, 10, 3, 23.52),
(916, 64, 1, 11, 16.00),
(917, 4, 21, 18, 6.34),
(918, 54, 30, 2, 3.99),
(919, 97, 26, 2, 17.27),
(920, 78, 17, 15, 14.92),
(921, 69, 23, 2, 11.99),
(922, 64, 5, 8, 549.00),
(923, 44, 14, 19, 16.24),
(924, 4, 13, 14, 7.99),
(925, 14, 12, 14, 34.99),
(926, 65, 24, 10, 2.97),
(927, 52, 15, 10, 3.98),
(928, 72, 7, 19, 399.00),
(929, 6, 28, 3, 5.01),
(930, 18, 28, 12, 5.01),
(931, 5, 4, 9, 3.99),
(932, 77, 25, 3, 4.89),
(933, 18, 3, 8, 4.48),
(934, 95, 6, 15, 712.00),
(935, 36, 4, 14, 3.99),
(936, 93, 22, 15, 11.97),
(937, 19, 17, 16, 14.92),
(938, 9, 30, 3, 3.99),
(939, 36, 9, 13, 99.00),
(940, 34, 26, 4, 17.27),
(941, 97, 11, 13, 14.86),
(942, 54, 14, 7, 16.24),
(943, 69, 14, 6, 16.24),
(944, 26, 4, 8, 3.99),
(945, 26, 20, 14, 7.48),
(946, 35, 14, 3, 16.24),
(947, 67, 5, 7, 549.00),
(948, 61, 8, 20, 343.99),
(949, 67, 24, 12, 2.97),
(950, 12, 15, 13, 3.98),
(951, 9, 19, 5, 14.23),
(952, 39, 23, 6, 11.99),
(953, 85, 27, 13, 8.68),
(954, 34, 22, 12, 11.97),
(955, 40, 30, 18, 3.99),
(956, 60, 5, 19, 549.00),
(957, 90, 1, 17, 16.00),
(958, 15, 29, 19, 4.99),
(959, 7, 9, 7, 99.00),
(960, 84, 6, 10, 712.00),
(961, 52, 19, 12, 14.23),
(962, 30, 12, 5, 34.99),
(963, 100, 24, 10, 2.97),
(964, 8, 6, 20, 712.00),
(965, 14, 8, 15, 343.99),
(966, 64, 15, 15, 3.98),
(967, 84, 29, 15, 4.99),
(968, 95, 6, 12, 712.00),
(969, 89, 19, 17, 14.23),
(970, 32, 11, 10, 14.86),
(971, 67, 11, 10, 14.86),
(972, 64, 28, 17, 5.01),
(973, 95, 20, 3, 7.48),
(974, 59, 9, 3, 99.00),
(975, 74, 26, 12, 17.27),
(976, 42, 10, 17, 23.52),
(977, 33, 2, 6, 3.99),
(978, 90, 1, 16, 16.00),
(979, 77, 17, 7, 14.92),
(980, 15, 24, 8, 2.97),
(981, 53, 15, 3, 3.98),
(982, 28, 24, 10, 2.97),
(983, 31, 16, 18, 2.48),
(984, 98, 10, 1, 23.52),
(985, 5, 1, 5, 16.00),
(986, 100, 30, 9, 3.99),
(987, 44, 1, 2, 16.00),
(988, 19, 27, 12, 8.68),
(989, 95, 20, 16, 7.48),
(990, 65, 2, 20, 3.99),
(991, 75, 19, 6, 14.23),
(992, 89, 18, 10, 28.89),
(993, 76, 13, 20, 7.99),
(994, 12, 28, 18, 5.01),
(995, 85, 26, 16, 17.27),
(996, 55, 28, 11, 5.01),
(997, 70, 13, 7, 7.99),
(998, 22, 9, 6, 99.00),
(999, 74, 26, 4, 17.27),
(1000, 43, 5, 14, 549.00),
(1003, 47, 8, 1, 100.00),
(1004, 47, 8, 1, 100.00),
(1005, 47, 8, 1, 100.00),
(1006, 47, 8, 1, 100.00),
(1007, 47, 8, 1, 100.00),
(1008, 47, 8, 1, 100.00),
(1009, 47, 8, 1, 100.00),
(1010, 47, 8, 1, 100.00),
(1011, 47, 8, 1, 100.00),
(1012, 47, 8, 1, 100.00),
(1013, 47, 8, 1, 100.00),
(1014, 47, 8, 1, 100.00),
(1015, 47, 8, 1, 100.00),
(1016, 47, 8, 1, 100.00),
(1017, 47, 8, 1, 100.00),
(1018, 47, 8, 1, 100.00),
(1019, 47, 8, 1, 100.00),
(1020, 47, 8, 1, 100.00),
(1021, 47, 8, 1, 100.00),
(1022, 47, 8, 1, 100.00),
(1023, 47, 8, 1, 100.00),
(1024, 47, 8, 1, 100.00),
(1025, 101, 9, 2, 99.00),
(1026, 102, 9, 2, 99.00),
(1027, 103, 9, 2, 99.00),
(1028, 104, 9, 2, 99.00),
(1029, 105, 9, 1, 99.00),
(1030, 106, 9, 1, 99.00),
(1031, 107, 9, 1, 99.00),
(1032, 108, 9, 2, 99.00),
(1033, 109, 9, 1, 99.00),
(1034, 110, 9, 1, 99.00),
(1035, 111, 9, 1, 99.00),
(1036, 112, 9, 1, 99.00),
(1037, 113, 9, 28, 99.00),
(1038, 119, 9, 1, 99.00);

--
-- Triggers `TOrder`
--
DROP TRIGGER IF EXISTS `TOrder_AFTER_INSERT`;
DELIMITER //
CREATE TRIGGER `TOrder_AFTER_INSERT` AFTER INSERT ON `torder`
 FOR EACH ROW begin 
update Inventory
set Inventory.quantity = Inventory.quantity - New.quantity
where Inventory.product_id = New.product_id 
and Inventory.store_id = 
(select store_id from TTransaction where TTransaction.id = New.transaction_id limit 1);

end
//
DELIMITER ;

-- --------------------------------------------------------

--
-- Table structure for table `TTransaction`
--

DROP TABLE IF EXISTS `TTransaction`;
CREATE TABLE IF NOT EXISTS `TTransaction` (
`id` int(11) NOT NULL,
  `time` datetime NOT NULL,
  `customer_id` int(11) NOT NULL,
  `sales_id` int(11) NOT NULL,
  `store_id` int(11) NOT NULL
) ENGINE=InnoDB AUTO_INCREMENT=120 DEFAULT CHARSET=latin1;

--
-- Dumping data for table `TTransaction`
--

INSERT INTO `TTransaction` (`id`, `time`, `customer_id`, `sales_id`, `store_id`) VALUES
(1, '2014-09-06 20:00:46', 625, 84, 44),
(2, '2014-12-17 11:07:07', 608, 81, 35),
(3, '2014-11-29 07:42:42', 904, 10, 5),
(4, '2014-12-16 21:45:45', 392, 92, 45),
(5, '2014-06-29 22:40:14', 204, 44, 19),
(6, '2014-06-05 14:06:33', 602, 8, 49),
(7, '2014-08-23 17:26:20', 698, 65, 40),
(8, '2014-06-28 12:23:34', 35, 73, 32),
(9, '2014-09-02 22:11:53', 244, 81, 27),
(10, '2014-12-16 05:21:16', 989, 81, 36),
(11, '2014-09-03 02:58:45', 515, 88, 38),
(12, '2015-01-28 08:05:49', 110, 21, 37),
(13, '2015-03-08 21:44:15', 22, 75, 32),
(14, '2014-09-07 01:22:10', 430, 73, 37),
(15, '2014-05-03 12:20:08', 332, 69, 33),
(16, '2014-06-06 11:35:17', 328, 97, 12),
(17, '2014-08-14 07:42:24', 488, 21, 5),
(18, '2014-11-16 11:58:13', 551, 5, 16),
(19, '2014-11-29 00:33:13', 654, 28, 19),
(20, '2014-12-14 00:36:02', 285, 34, 2),
(21, '2014-12-18 05:35:46', 634, 26, 14),
(22, '2014-12-19 07:10:03', 389, 74, 15),
(23, '2015-02-20 17:17:21', 145, 62, 40),
(24, '2014-11-26 18:28:24', 953, 84, 45),
(25, '2014-06-13 05:03:56', 714, 75, 40),
(26, '2014-12-24 15:12:06', 583, 31, 42),
(27, '2014-05-26 13:06:13', 748, 33, 20),
(28, '2014-09-30 09:35:27', 356, 46, 38),
(29, '2014-12-29 10:20:39', 771, 68, 1),
(30, '2014-10-29 15:13:40', 51, 6, 38),
(31, '2014-05-26 22:59:53', 595, 63, 3),
(32, '2014-06-19 12:40:54', 15, 87, 2),
(33, '2015-02-08 02:42:56', 476, 17, 9),
(34, '2015-02-13 12:20:17', 518, 72, 10),
(35, '2014-07-16 17:03:02', 357, 73, 9),
(36, '2015-01-14 16:16:06', 525, 64, 12),
(37, '2015-03-27 02:30:36', 875, 50, 29),
(38, '2014-07-26 19:17:48', 911, 85, 26),
(39, '2015-02-18 07:18:35', 770, 56, 23),
(40, '2014-05-12 14:36:54', 783, 52, 41),
(41, '2014-10-26 00:01:27', 584, 79, 32),
(42, '2015-01-29 09:54:30', 391, 70, 44),
(43, '2015-03-03 23:51:32', 699, 92, 11),
(44, '2014-08-07 11:58:27', 758, 54, 20),
(45, '2014-09-02 19:32:25', 634, 20, 39),
(46, '2014-06-18 08:51:41', 678, 21, 47),
(47, '2015-01-24 23:29:52', 895, 29, 5),
(48, '2014-12-23 13:49:37', 447, 95, 21),
(49, '2014-04-22 16:51:19', 17, 67, 18),
(50, '2015-01-08 02:54:46', 586, 54, 4),
(51, '2015-03-15 02:03:40', 4, 14, 10),
(52, '2015-03-24 16:13:38', 899, 27, 25),
(53, '2014-05-21 15:24:58', 207, 27, 41),
(54, '2014-11-15 14:02:27', 245, 57, 29),
(55, '2015-01-27 04:02:33', 885, 58, 50),
(56, '2014-04-13 15:04:45', 482, 11, 1),
(57, '2014-11-08 11:40:24', 461, 94, 31),
(58, '2015-01-08 01:20:01', 587, 15, 49),
(59, '2014-04-10 11:53:30', 503, 34, 10),
(60, '2015-01-11 17:03:45', 78, 68, 8),
(61, '2014-07-31 02:16:53', 372, 3, 33),
(62, '2014-07-20 10:15:38', 270, 62, 17),
(63, '2014-08-09 01:49:54', 859, 36, 5),
(64, '2014-05-23 20:04:17', 824, 65, 14),
(65, '2015-01-03 10:42:50', 917, 4, 34),
(66, '2014-04-28 13:42:20', 151, 7, 21),
(67, '2014-07-27 10:45:30', 799, 36, 24),
(68, '2014-10-21 07:59:36', 103, 58, 7),
(69, '2014-09-13 09:44:16', 25, 66, 38),
(70, '2014-04-05 15:19:08', 429, 86, 39),
(71, '2014-12-04 21:14:37', 301, 75, 28),
(72, '2015-03-17 08:27:19', 429, 70, 38),
(73, '2014-12-02 15:15:20', 25, 1, 3),
(74, '2014-09-15 17:39:06', 309, 10, 5),
(75, '2014-08-30 00:25:20', 494, 27, 19),
(76, '2014-05-17 07:15:39', 780, 71, 9),
(77, '2014-09-15 01:46:30', 212, 30, 35),
(78, '2015-03-07 23:20:39', 476, 71, 13),
(79, '2014-04-15 08:40:12', 427, 65, 3),
(80, '2014-11-03 17:34:31', 501, 86, 34),
(81, '2014-05-11 14:37:56', 399, 50, 1),
(82, '2014-11-06 17:01:26', 1, 90, 28),
(83, '2014-08-03 22:43:26', 532, 77, 14),
(84, '2014-05-17 20:54:31', 981, 69, 24),
(85, '2014-06-18 10:34:45', 447, 68, 14),
(86, '2014-05-18 20:36:03', 438, 19, 38),
(87, '2014-11-14 17:12:32', 192, 53, 29),
(88, '2014-05-02 03:27:48', 99, 41, 38),
(89, '2014-04-04 13:40:58', 968, 85, 32),
(90, '2014-12-01 00:59:43', 393, 44, 43),
(91, '2014-08-02 17:38:12', 21, 20, 48),
(92, '2014-05-16 18:27:35', 663, 15, 5),
(93, '2014-06-02 15:25:44', 819, 44, 36),
(94, '2014-08-03 06:22:04', 638, 59, 1),
(95, '2014-06-07 11:25:41', 130, 69, 25),
(96, '2014-07-09 22:28:43', 105, 72, 1),
(97, '2014-07-09 16:05:55', 898, 79, 40),
(98, '2014-06-12 04:48:51', 500, 26, 22),
(99, '2015-02-11 11:32:25', 591, 89, 50),
(100, '2015-01-24 15:31:42', 422, 18, 25),
(101, '2015-04-04 14:14:11', 1, 42, 2),
(102, '2015-04-04 14:15:05', 1, 42, 2),
(103, '2015-04-04 14:16:48', 2, 42, 2),
(104, '2015-04-04 14:32:23', 3, 42, 5),
(105, '2015-04-04 14:33:40', 23, 42, 1),
(106, '2015-04-04 14:34:45', 23, 42, 3),
(107, '2015-04-04 14:35:29', 2, 42, 2),
(108, '2015-04-04 14:36:33', 2, 42, 1),
(109, '2015-04-04 14:38:17', 2, 42, 3),
(110, '2015-04-04 14:38:35', 2, 42, 4),
(111, '2015-04-06 15:04:53', 1, 42, 1),
(112, '2015-04-06 15:11:52', 2, 42, 1),
(113, '2015-04-06 15:18:29', 5, 42, 2),
(114, '2015-04-08 14:40:30', 1, 42, 2),
(115, '2015-04-08 14:42:13', 13, 42, 2),
(116, '2015-04-08 14:42:56', 13, 42, 2),
(117, '2015-04-08 14:43:20', 23, 42, 1),
(118, '2015-04-08 14:44:28', 13, 42, 2),
(119, '2015-04-08 14:45:49', 1, 42, 2);

--
-- Indexes for dumped tables
--

--
-- Indexes for table `BCustomer`
--
ALTER TABLE `BCustomer`
 ADD PRIMARY KEY (`id`), ADD KEY `cur_id_idx` (`customer_id`);

--
-- Indexes for table `Customer`
--
ALTER TABLE `Customer`
 ADD PRIMARY KEY (`id`);

--
-- Indexes for table `Employee`
--
ALTER TABLE `Employee`
 ADD PRIMARY KEY (`id`), ADD KEY `e_sales_id_idx` (`sales_id`), ADD KEY `e_store_id_idx` (`store_id`);

--
-- Indexes for table `HCustomer`
--
ALTER TABLE `HCustomer`
 ADD PRIMARY KEY (`id`), ADD KEY `h_cutomer_id_idx` (`customer_id`);

--
-- Indexes for table `Inventory`
--
ALTER TABLE `Inventory`
 ADD PRIMARY KEY (`id`), ADD KEY `i_store_id_idx` (`store_id`), ADD KEY `i_product_id_idx` (`product_id`);

--
-- Indexes for table `Product`
--
ALTER TABLE `Product`
 ADD PRIMARY KEY (`id`), ADD KEY `prodcut_index_price` (`price`);

--
-- Indexes for table `Region`
--
ALTER TABLE `Region`
 ADD PRIMARY KEY (`id`);

--
-- Indexes for table `RegionManager`
--
ALTER TABLE `RegionManager`
 ADD PRIMARY KEY (`id`), ADD KEY `rm_region_id_idx` (`region_id`), ADD KEY `rm_sales_id_idx` (`sales_id`);

--
-- Indexes for table `Salesperson`
--
ALTER TABLE `Salesperson`
 ADD PRIMARY KEY (`id`);

--
-- Indexes for table `Store`
--
ALTER TABLE `Store`
 ADD PRIMARY KEY (`id`), ADD KEY `store_region_id_idx` (`region_id`);

--
-- Indexes for table `TOrder`
--
ALTER TABLE `TOrder`
 ADD PRIMARY KEY (`id`), ADD KEY `t_product_id_idx` (`product_id`), ADD KEY `t_transaction_id_idx` (`transaction_id`);

--
-- Indexes for table `TTransaction`
--
ALTER TABLE `TTransaction`
 ADD PRIMARY KEY (`id`), ADD KEY `t_customer_id_idx` (`customer_id`), ADD KEY `t_sales_id_idx` (`sales_id`), ADD KEY `t_store_id_idx` (`store_id`);

--
-- AUTO_INCREMENT for dumped tables
--

--
-- AUTO_INCREMENT for table `BCustomer`
--
ALTER TABLE `BCustomer`
MODIFY `id` int(11) NOT NULL AUTO_INCREMENT,AUTO_INCREMENT=515;
--
-- AUTO_INCREMENT for table `Customer`
--
ALTER TABLE `Customer`
MODIFY `id` int(11) NOT NULL AUTO_INCREMENT,AUTO_INCREMENT=1005;
--
-- AUTO_INCREMENT for table `Employee`
--
ALTER TABLE `Employee`
MODIFY `id` int(11) NOT NULL AUTO_INCREMENT,AUTO_INCREMENT=101;
--
-- AUTO_INCREMENT for table `HCustomer`
--
ALTER TABLE `HCustomer`
MODIFY `id` int(11) NOT NULL AUTO_INCREMENT,AUTO_INCREMENT=490;
--
-- AUTO_INCREMENT for table `Inventory`
--
ALTER TABLE `Inventory`
MODIFY `id` int(11) NOT NULL AUTO_INCREMENT,AUTO_INCREMENT=1501;
--
-- AUTO_INCREMENT for table `Product`
--
ALTER TABLE `Product`
MODIFY `id` int(11) NOT NULL AUTO_INCREMENT,AUTO_INCREMENT=32;
--
-- AUTO_INCREMENT for table `Region`
--
ALTER TABLE `Region`
MODIFY `id` int(11) NOT NULL AUTO_INCREMENT,AUTO_INCREMENT=9;
--
-- AUTO_INCREMENT for table `RegionManager`
--
ALTER TABLE `RegionManager`
MODIFY `id` int(11) NOT NULL AUTO_INCREMENT,AUTO_INCREMENT=9;
--
-- AUTO_INCREMENT for table `Salesperson`
--
ALTER TABLE `Salesperson`
MODIFY `id` int(11) NOT NULL AUTO_INCREMENT,AUTO_INCREMENT=101;
--
-- AUTO_INCREMENT for table `Store`
--
ALTER TABLE `Store`
MODIFY `id` int(11) NOT NULL AUTO_INCREMENT,AUTO_INCREMENT=51;
--
-- AUTO_INCREMENT for table `TOrder`
--
ALTER TABLE `TOrder`
MODIFY `id` int(11) NOT NULL AUTO_INCREMENT,AUTO_INCREMENT=1039;
--
-- AUTO_INCREMENT for table `TTransaction`
--
ALTER TABLE `TTransaction`
MODIFY `id` int(11) NOT NULL AUTO_INCREMENT,AUTO_INCREMENT=120;
--
-- Constraints for dumped tables
--

--
-- Constraints for table `BCustomer`
--
ALTER TABLE `BCustomer`
ADD CONSTRAINT `bc_customer_id` FOREIGN KEY (`customer_id`) REFERENCES `Customer` (`id`) ON DELETE NO ACTION ON UPDATE NO ACTION;

--
-- Constraints for table `Employee`
--
ALTER TABLE `Employee`
ADD CONSTRAINT `e_sales_id` FOREIGN KEY (`sales_id`) REFERENCES `Salesperson` (`id`) ON DELETE NO ACTION ON UPDATE NO ACTION,
ADD CONSTRAINT `e_store_id` FOREIGN KEY (`store_id`) REFERENCES `Store` (`id`) ON DELETE NO ACTION ON UPDATE NO ACTION;

--
-- Constraints for table `HCustomer`
--
ALTER TABLE `HCustomer`
ADD CONSTRAINT `_hc_customer_id` FOREIGN KEY (`customer_id`) REFERENCES `Customer` (`id`) ON DELETE NO ACTION ON UPDATE NO ACTION;

--
-- Constraints for table `Inventory`
--
ALTER TABLE `Inventory`
ADD CONSTRAINT `i_product_id` FOREIGN KEY (`product_id`) REFERENCES `Product` (`id`) ON DELETE NO ACTION ON UPDATE NO ACTION,
ADD CONSTRAINT `i_store_id` FOREIGN KEY (`store_id`) REFERENCES `Store` (`id`) ON DELETE NO ACTION ON UPDATE NO ACTION;

--
-- Constraints for table `RegionManager`
--
ALTER TABLE `RegionManager`
ADD CONSTRAINT `rm_region_id` FOREIGN KEY (`region_id`) REFERENCES `Region` (`id`) ON DELETE NO ACTION ON UPDATE NO ACTION,
ADD CONSTRAINT `rm_sales_id` FOREIGN KEY (`sales_id`) REFERENCES `Salesperson` (`id`) ON DELETE NO ACTION ON UPDATE NO ACTION;

--
-- Constraints for table `Store`
--
ALTER TABLE `Store`
ADD CONSTRAINT `store_region_id` FOREIGN KEY (`region_id`) REFERENCES `Region` (`id`) ON DELETE NO ACTION ON UPDATE NO ACTION;

--
-- Constraints for table `TOrder`
--
ALTER TABLE `TOrder`
ADD CONSTRAINT `t_product_id` FOREIGN KEY (`product_id`) REFERENCES `Product` (`id`) ON DELETE NO ACTION ON UPDATE NO ACTION,
ADD CONSTRAINT `t_transaction_id` FOREIGN KEY (`transaction_id`) REFERENCES `TTransaction` (`id`) ON DELETE NO ACTION ON UPDATE NO ACTION;

--
-- Constraints for table `TTransaction`
--
ALTER TABLE `TTransaction`
ADD CONSTRAINT `t_sales_id` FOREIGN KEY (`sales_id`) REFERENCES `Salesperson` (`id`) ON DELETE NO ACTION ON UPDATE NO ACTION,
ADD CONSTRAINT `t_store_id` FOREIGN KEY (`store_id`) REFERENCES `Store` (`id`) ON DELETE NO ACTION ON UPDATE NO ACTION;

/*!40101 SET CHARACTER_SET_CLIENT=@OLD_CHARACTER_SET_CLIENT */;
/*!40101 SET CHARACTER_SET_RESULTS=@OLD_CHARACTER_SET_RESULTS */;
/*!40101 SET COLLATION_CONNECTION=@OLD_COLLATION_CONNECTION */;
